,NAME,G_RIGHTbatter_Std,PA_RIGHTbatter_Std,AB_RIGHTbatter_Std,R_RIGHTbatter_Std,H_RIGHTbatter_Std,1B_RIGHTbatter_Std,2B_RIGHTbatter_Std,3B_RIGHTbatter_Std,HR_RIGHTbatter_Std,TB_RIGHTbatter_Std,SO_RIGHTbatter_Std,BB_RIGHTbatter_Std,HBP_RIGHTbatter_Std,SF_RIGHTbatter_Std,SH_RIGHTbatter_Std,RBI_RIGHTbatter_Std,DP_RIGHTbatter_Std,FB%_RIGHTbatter_Std,GB%_RIGHTbatter_Std,LD%_RIGHTbatter_Std,POP%_RIGHTbatter_Std,ISO_RIGHTbatter_Std,AVG_RIGHTbatter_Std,OBP_RIGHTbatter_Std,SLG_RIGHTbatter_Std,TAV_RIGHTbatter_Std,BASES_VS_AB_RIGHTbatter_Std
0,CHARLIE CULBERSON,1,1,1,1,1,0,0,0,1,4,0,0,0,0,0,2,0,0.0,0.0,100.0,0.0,3.0,1.0,1.0,4.0,1.749,4.0
1,DEREK DIETRICH,1,1,1,1,1,0,0,0,1,4,0,0,0,0,0,3,0,100.0,0.0,0.0,0.0,3.0,1.0,1.0,4.0,1.544,4.0
2,CHRISTIAN WALKER,2,3,3,3,3,0,1,0,2,10,0,0,0,0,0,5,0,66.67,33.33,0.0,0.0,2.333,1.0,1.0,3.333,1.473,3.3333333333333335
3,JHOULYS CHACIN,1,2,2,2,2,1,0,0,1,5,0,0,0,0,0,1,0,50.0,50.0,0.0,0.0,1.5,1.0,1.0,2.5,1.268,2.5
4,CURTIS GRANDERSON,1,3,1,1,1,0,0,0,1,4,0,2,0,0,0,1,0,100.0,0.0,0.0,0.0,3.0,1.0,1.0,4.0,1.104,2.0
5,GREG GARCIA,1,1,1,0,1,0,1,0,0,2,0,0,0,0,0,0,0,0.0,100.0,0.0,0.0,1.0,1.0,1.0,2.0,0.99,2.0
6,MATT JOYCE,2,2,2,1,1,0,0,0,1,4,1,0,0,0,0,2,0,100.0,0.0,0.0,0.0,1.5,0.5,0.5,2.0,0.85,2.0
7,MAIKEL FRANCO,2,6,4,2,3,1,0,0,2,9,1,2,0,0,0,6,0,66.67,0.0,0.0,33.33,1.5,0.75,0.833,2.25,0.831,1.8333333333333333
8,JORGE SOLER,2,4,3,0,3,1,2,0,0,5,0,1,0,0,0,2,0,33.33,33.33,33.33,0.0,0.667,1.0,1.0,1.667,0.825,1.5
9,ROSELL HERRERA,2,2,2,0,2,2,0,0,0,2,0,0,0,0,0,0,0,0.0,50.0,50.0,0.0,0.0,1.0,1.0,1.0,0.803,1.0
10,FRANK SCHWINDEL,1,1,1,0,0,0,0,0,0,0,0,0,0,0,0,0,0,0.0,100.0,0.0,0.0,0.0,0.0,0.0,0.0,0.773,0.0
11,BRANDON WOODRUFF,1,2,2,0,2,2,0,0,0,2,0,0,0,0,0,0,0,0.0,50.0,50.0,0.0,0.0,1.0,1.0,1.0,0.764,1.0
12,MARK CANHA,2,4,2,1,1,0,0,0,1,4,0,2,0,0,0,2,0,100.0,0.0,0.0,0.0,1.5,0.5,0.75,2.0,0.736,1.5
13,TOM MURPHY,1,2,1,0,1,1,0,0,0,1,0,1,0,0,0,0,0,0.0,0.0,100.0,0.0,0.0,1.0,1.0,1.0,0.718,1.0
14,JOC PEDERSON,3,15,11,7,7,3,1,0,3,17,1,3,1,0,0,5,0,40.0,30.0,30.0,0.0,0.909,0.636,0.733,1.545,0.709,1.3333333333333333
15,AUSTIN HEDGES,2,2,2,0,2,2,0,0,0,2,0,0,0,0,0,0,0,0.0,100.0,0.0,0.0,0.0,1.0,1.0,1.0,0.708,1.0
16,TONY WOLTERS,1,3,3,1,2,1,1,0,0,3,0,0,0,0,0,1,0,0.0,33.33,66.67,0.0,0.333,0.667,0.667,1.0,0.687,1.0
17,AUSTIN BARNES,3,10,8,4,5,3,0,0,2,11,0,2,0,0,0,3,0,25.0,25.0,37.5,12.5,0.75,0.625,0.7,1.375,0.686,1.3
18,KOLTEN WONG,3,9,9,4,5,2,1,0,2,12,1,0,0,0,0,4,0,37.5,37.5,0.0,25.0,0.778,0.556,0.556,1.333,0.685,1.3333333333333333
19,ASDRUBAL CABRERA,1,3,2,1,1,0,0,0,1,4,1,1,0,0,0,2,0,100.0,0.0,0.0,0.0,1.5,0.5,0.667,2.0,0.663,1.6666666666666667
20,JOSE IGLESIAS,1,3,3,1,2,0,2,0,0,4,0,0,0,0,0,1,0,33.33,66.67,0.0,0.0,0.667,0.667,0.667,1.333,0.659,1.3333333333333333
21,TREY MANCINI,2,4,4,1,4,3,1,0,0,5,0,0,0,0,0,1,0,0.0,75.0,25.0,0.0,0.25,1.0,1.0,1.25,0.646,1.25
22,KRIS BRYANT,2,6,3,2,2,0,1,0,1,6,1,3,0,0,0,2,0,50.0,0.0,50.0,0.0,1.333,0.667,0.833,2.0,0.642,1.5
23,HUNTER PENCE,1,1,1,0,1,1,0,0,0,1,0,0,0,0,0,0,0,0.0,100.0,0.0,0.0,0.0,1.0,1.0,1.0,0.629,1.0
24,CODY BELLINGER,3,13,12,4,6,3,0,0,3,15,0,1,0,0,0,7,0,41.67,16.67,41.67,0.0,0.75,0.5,0.538,1.25,0.612,1.2307692307692308
25,MIKE MOUSTAKAS,3,11,9,2,4,1,1,0,2,11,1,2,0,0,0,3,0,37.5,12.5,25.0,25.0,0.778,0.444,0.545,1.222,0.608,1.1818181818181819
26,PAUL GOLDSCHMIDT,3,13,11,3,5,2,0,0,3,14,4,2,0,0,0,6,0,42.86,28.57,28.57,0.0,0.818,0.455,0.538,1.273,0.608,1.2307692307692308
27,MANNY PINA,1,1,0,0,0,0,0,0,0,0,0,1,0,0,0,0,0,0.0,0.0,0.0,0.0,0.0,0.0,1.0,0.0,0.602,1.0
28,COLIN MORAN,1,1,0,0,0,0,0,0,0,0,0,1,0,0,0,0,0,0.0,0.0,0.0,0.0,0.0,0.0,1.0,0.0,0.601,1.0
29,EVAN LONGORIA,3,4,4,1,2,1,0,0,1,5,0,0,0,0,0,2,0,50.0,25.0,25.0,0.0,0.75,0.5,0.5,1.25,0.593,1.25
30,ENRIQUE HERNANDEZ,2,7,6,3,2,0,0,0,2,8,0,1,0,0,0,3,0,50.0,33.33,16.67,0.0,1.0,0.333,0.429,1.333,0.59,1.2857142857142858
31,MICHAEL PEREZ,1,3,3,1,2,1,1,0,0,3,0,0,0,0,0,1,0,0.0,66.67,33.33,0.0,0.333,0.667,0.667,1.0,0.58,1.0
32,JOSE PERAZA,1,4,4,2,2,1,0,0,1,5,1,0,0,0,0,1,0,33.33,0.0,66.67,0.0,0.75,0.5,0.5,1.25,0.571,1.25
33,BUSTER POSEY,3,4,3,0,2,1,1,0,0,3,1,1,0,0,0,0,0,0.0,50.0,50.0,0.0,0.333,0.667,0.75,1.0,0.557,1.0
34,RAFAEL DEVERS,3,7,5,1,3,2,1,0,0,4,1,2,0,0,0,0,0,0.0,75.0,25.0,0.0,0.2,0.6,0.714,0.8,0.55,0.8571428571428571
35,PABLO REYES,1,1,0,0,0,0,0,0,0,0,0,1,0,0,0,0,0,0.0,0.0,0.0,0.0,0.0,0.0,1.0,0.0,0.549,1.0
36,VICTOR ROBLES,2,6,6,2,3,1,1,0,1,7,1,0,0,0,0,1,0,20.0,20.0,60.0,0.0,0.667,0.5,0.5,1.167,0.545,1.1666666666666667
37,ANDREW STEVENSON,1,1,0,1,0,0,0,0,0,0,0,1,0,0,0,0,0,0.0,0.0,0.0,0.0,0.0,0.0,1.0,0.0,0.544,1.0
38,FREDDIE FREEMAN,2,9,8,0,5,3,2,0,0,7,1,1,0,0,0,2,0,0.0,57.14,42.86,0.0,0.25,0.625,0.667,0.875,0.539,0.8888888888888888
39,DAVID PERALTA,3,9,9,3,5,3,1,0,1,9,1,0,0,0,0,2,0,0.0,62.5,25.0,12.5,0.444,0.556,0.556,1.0,0.539,1.0
40,CARSON KELLY,2,2,2,0,1,0,1,0,0,2,0,0,0,0,0,1,0,50.0,50.0,0.0,0.0,0.5,0.5,0.5,1.0,0.537,1.0
41,DAVID FLETCHER,2,3,3,1,1,1,0,0,0,1,0,0,0,0,0,0,0,0.0,66.67,33.33,0.0,0.0,0.333,0.333,0.333,0.53,0.3333333333333333
42,TYLER FLOWERS,1,4,3,1,2,2,0,0,0,2,1,1,0,0,0,0,0,0.0,50.0,50.0,0.0,0.0,0.667,0.75,0.667,0.529,0.75
43,WILMER FLORES,2,2,2,1,1,0,1,0,0,2,0,0,0,0,0,0,0,50.0,0.0,0.0,50.0,0.5,0.5,0.5,1.0,0.516,1.0
44,NEIL WALKER,2,5,4,1,1,0,0,0,1,4,1,0,1,0,0,1,0,66.67,33.33,0.0,0.0,0.75,0.25,0.4,1.0,0.516,0.8
45,CHRISTIAN YELICH,3,12,9,3,3,1,0,0,2,9,1,3,0,0,0,4,0,37.5,25.0,12.5,25.0,0.667,0.333,0.5,1.0,0.514,1.0
46,NOMAR MAZARA,1,3,0,1,0,0,0,0,0,0,0,3,0,0,0,0,0,0.0,0.0,0.0,0.0,0.0,0.0,1.0,0.0,0.514,1.0
47,JOEY GALLO,2,4,3,2,1,0,0,0,1,4,0,1,0,0,0,3,0,33.33,33.33,33.33,0.0,1.0,0.333,0.5,1.333,0.504,1.25
48,DOMINGO SANTANA,5,21,18,4,7,3,1,0,3,17,5,3,0,0,0,8,0,46.15,15.38,30.77,7.69,0.556,0.389,0.476,0.944,0.501,0.9523809523809523
49,CESAR HERNANDEZ,2,7,6,3,3,2,0,1,0,5,1,1,0,0,0,2,0,20.0,40.0,40.0,0.0,0.333,0.5,0.571,0.833,0.501,0.8571428571428571
50,TIM BECKHAM,5,16,14,5,6,3,2,0,1,11,2,2,0,0,0,2,0,33.33,41.67,25.0,0.0,0.357,0.429,0.5,0.786,0.497,0.8125
51,YANGERVIS SOLARTE,3,4,4,1,2,0,2,0,0,4,1,0,0,0,0,1,0,0.0,66.67,33.33,0.0,0.5,0.5,0.5,1.0,0.491,1.0
52,WILLSON CONTRERAS,2,7,5,2,3,1,2,0,0,5,1,2,0,0,0,2,0,25.0,25.0,50.0,0.0,0.4,0.6,0.714,1.0,0.489,1.0
53,YOAN MONCADA,2,9,8,2,4,3,0,0,1,7,0,1,0,0,0,2,0,25.0,37.5,37.5,0.0,0.375,0.5,0.556,0.875,0.485,0.8888888888888888
54,RHYS HOSKINS,2,8,6,4,2,0,1,0,1,6,2,2,0,0,0,4,0,75.0,0.0,25.0,0.0,0.667,0.333,0.5,1.0,0.48,1.0
55,ADAM JONES,3,9,9,1,4,2,1,0,1,8,1,0,0,0,0,1,0,12.5,50.0,25.0,12.5,0.444,0.444,0.444,0.889,0.477,0.8888888888888888
56,JORGE ALFARO,2,4,4,1,1,0,0,0,1,4,2,0,0,0,0,1,0,0.0,50.0,50.0,0.0,0.75,0.25,0.25,1.0,0.472,1.0
57,ALEX VERDUGO,3,4,4,1,2,1,1,0,0,3,0,0,0,0,0,1,0,25.0,0.0,75.0,0.0,0.25,0.5,0.5,0.75,0.471,0.75
58,JEFF MCNEIL,2,9,8,2,4,2,1,1,0,7,0,1,0,0,0,2,0,37.5,25.0,37.5,0.0,0.375,0.5,0.556,0.875,0.467,0.8888888888888888
59,MALLEX SMITH,2,6,4,1,1,0,0,0,1,4,2,1,0,1,0,2,0,100.0,0.0,0.0,0.0,0.75,0.25,0.333,1.0,0.466,0.8333333333333334
60,FRANMIL REYES,1,1,0,0,0,0,0,0,0,0,0,0,0,1,0,1,0,100.0,0.0,0.0,0.0,0.0,0.0,0.0,0.0,0.466,0.0
61,HANLEY RAMIREZ,2,7,5,1,2,1,0,0,1,5,1,2,0,0,0,1,0,50.0,25.0,25.0,0.0,0.6,0.4,0.571,1.0,0.462,1.0
62,ADALBERTO MONDESI,2,5,5,1,2,0,1,1,0,5,0,0,0,0,0,2,0,20.0,20.0,20.0,40.0,0.6,0.4,0.4,1.0,0.461,1.0
63,KENTA MAEDA,1,3,2,1,1,0,1,0,0,2,0,0,0,0,1,0,0,33.33,33.33,33.33,0.0,0.5,0.5,0.5,1.0,0.459,0.6666666666666666
64,RUSSELL MARTIN,1,3,2,0,1,1,0,0,0,1,0,1,0,0,0,0,0,0.0,50.0,50.0,0.0,0.0,0.5,0.667,0.5,0.458,0.6666666666666666
65,KYLE SCHWARBER,2,6,6,1,3,2,0,0,1,6,1,0,0,0,0,2,0,20.0,60.0,20.0,0.0,0.5,0.5,0.5,1.0,0.454,1.0
66,DANSBY SWANSON,2,8,6,3,2,0,1,0,1,6,2,2,0,0,0,2,1,0.0,50.0,50.0,0.0,0.667,0.333,0.5,1.0,0.452,1.0
67,GREG ALLEN,1,1,0,0,0,0,0,0,0,0,0,0,0,1,0,1,0,100.0,0.0,0.0,0.0,0.0,0.0,0.0,0.0,0.451,0.0
68,ALEX AVILA,2,9,6,2,2,1,0,0,1,5,1,3,0,0,0,1,0,40.0,60.0,0.0,0.0,0.5,0.333,0.556,0.833,0.448,0.8888888888888888
69,LUKE VOIT,2,9,5,1,2,1,0,0,1,5,2,3,1,0,0,5,1,66.67,33.33,0.0,0.0,0.6,0.4,0.667,1.0,0.44,0.8888888888888888
70,JACKIE BRADLEY,3,5,5,1,2,2,0,0,0,2,0,0,0,0,0,1,0,0.0,80.0,20.0,0.0,0.0,0.4,0.4,0.4,0.436,0.4
71,COREY DICKERSON,1,5,4,1,1,0,0,0,1,4,1,1,0,0,0,1,0,33.33,33.33,0.0,33.33,0.75,0.25,0.4,1.0,0.43,1.0
72,MITCH MORELAND,3,6,6,2,2,0,1,0,1,6,0,0,0,0,0,3,1,0.0,66.67,33.33,0.0,0.667,0.333,0.333,1.0,0.426,1.0
73,PETE ALONSO,2,8,8,1,4,2,2,0,0,6,3,0,0,0,0,2,0,0.0,20.0,80.0,0.0,0.25,0.5,0.5,0.75,0.421,0.75
74,RYON HEALY,5,15,15,5,5,0,3,0,2,14,2,0,0,0,0,5,1,15.38,23.08,38.46,23.08,0.6,0.333,0.333,0.933,0.421,0.9333333333333333
75,RYAN BRAUN,3,8,8,1,3,2,0,0,1,6,1,0,0,0,0,3,0,14.29,57.14,28.57,0.0,0.375,0.375,0.375,0.75,0.418,0.75
76,YANDY DIAZ,3,12,11,2,4,1,2,0,1,9,1,1,0,0,0,1,0,20.0,40.0,30.0,10.0,0.455,0.364,0.417,0.818,0.416,0.8333333333333334
77,JOEY VOTTO,1,4,4,0,1,0,1,0,0,2,0,0,0,0,0,0,0,50.0,50.0,0.0,0.0,0.25,0.25,0.25,0.5,0.411,0.5
78,DAVID DAHL,3,12,10,2,4,2,2,0,0,6,5,1,0,1,0,3,0,16.67,33.33,50.0,0.0,0.2,0.4,0.417,0.6,0.41,0.5833333333333334
79,MATT CHAPMAN,5,15,13,3,5,3,1,0,1,9,2,1,1,0,0,3,0,27.27,45.45,27.27,0.0,0.308,0.385,0.467,0.692,0.408,0.6666666666666666
80,CHRIS IANNETTA,2,8,6,1,2,1,1,0,0,3,2,1,1,0,0,1,0,0.0,25.0,75.0,0.0,0.167,0.333,0.5,0.5,0.406,0.5
81,DOMINIC SMITH,2,3,2,0,1,1,0,0,0,1,0,1,0,0,0,2,0,0.0,0.0,100.0,0.0,0.0,0.5,0.667,0.5,0.406,0.6666666666666666
82,MIKE TROUT,3,10,7,1,3,2,1,0,0,4,0,2,0,1,0,3,0,37.5,12.5,25.0,25.0,0.143,0.429,0.5,0.571,0.406,0.6
83,JAVIER BAEZ,2,7,7,3,3,2,0,0,1,6,1,0,0,0,0,4,0,16.67,33.33,33.33,16.67,0.429,0.429,0.429,0.857,0.399,0.8571428571428571
84,ISIAH KINER-FALEFA,1,3,2,1,1,1,0,0,0,1,1,1,0,0,0,0,0,0.0,100.0,0.0,0.0,0.0,0.5,0.667,0.5,0.396,0.6666666666666666
85,BRIAN GOODWIN,1,4,4,1,2,2,0,0,0,2,1,0,0,0,0,0,0,0.0,66.67,33.33,0.0,0.0,0.5,0.5,0.5,0.385,0.5
86,RYAN O'HEARN,1,2,2,0,1,1,0,0,0,1,0,0,0,0,0,2,0,50.0,50.0,0.0,0.0,0.0,0.5,0.5,0.5,0.385,0.5
87,GIANCARLO STANTON,2,9,5,1,2,2,0,0,0,2,1,4,0,0,0,0,0,0.0,50.0,50.0,0.0,0.0,0.4,0.667,0.4,0.382,0.6666666666666666
88,TREVOR STORY,3,13,11,3,2,1,0,0,1,5,3,2,0,0,0,2,0,50.0,37.5,12.5,0.0,0.273,0.182,0.308,0.455,0.38,0.5384615384615384
89,JARROD DYSON,2,11,9,2,3,2,0,0,1,6,3,2,0,0,0,1,0,0.0,66.67,16.67,16.67,0.333,0.333,0.455,0.667,0.379,0.7272727272727273
90,J.T. REALMUTO,2,8,7,2,2,1,0,0,1,5,2,1,0,0,0,3,0,40.0,40.0,20.0,0.0,0.429,0.286,0.375,0.714,0.378,0.75
91,JACK FLAHERTY,1,2,2,1,1,1,0,0,0,1,0,0,0,0,0,0,0,50.0,0.0,50.0,0.0,0.0,0.5,0.5,0.5,0.377,0.5
92,RYAN MCMAHON,3,11,9,2,3,2,1,0,0,4,2,2,0,0,0,1,0,14.29,42.86,42.86,0.0,0.111,0.333,0.455,0.444,0.364,0.5454545454545454
93,WELINGTON CASTILLO,2,5,3,0,1,1,0,0,0,1,0,2,0,0,0,0,0,33.33,33.33,33.33,0.0,0.0,0.333,0.6,0.333,0.363,0.6
94,HARRISON BADER,2,7,7,1,2,1,0,0,1,5,2,0,0,0,0,1,0,40.0,40.0,20.0,0.0,0.429,0.286,0.286,0.714,0.36,0.7142857142857143
95,BROCK STEWART,2,3,3,1,1,0,1,0,0,2,0,0,0,0,0,0,0,33.33,0.0,33.33,33.33,0.333,0.333,0.333,0.667,0.356,0.6666666666666666
96,JOE PANIK,2,2,2,0,1,1,0,0,0,1,0,0,0,0,0,0,0,0.0,50.0,50.0,0.0,0.0,0.5,0.5,0.5,0.356,0.5
97,JUSTIN TURNER,3,15,11,3,4,4,0,0,0,4,1,3,1,0,0,5,0,20.0,30.0,40.0,10.0,0.0,0.364,0.533,0.364,0.355,0.4666666666666667
98,JEAN SEGURA,2,7,7,2,3,2,1,0,0,4,3,0,0,0,0,0,0,0.0,75.0,25.0,0.0,0.143,0.429,0.429,0.571,0.352,0.5714285714285714
99,GLEYBER TORRES,2,7,6,1,3,3,0,0,0,3,1,1,0,0,0,0,0,0.0,100.0,0.0,0.0,0.0,0.5,0.571,0.5,0.35,0.5714285714285714
100,NICK CASTELLANOS,3,12,11,0,4,2,1,1,0,7,4,1,0,0,0,0,0,28.57,57.14,14.29,0.0,0.273,0.364,0.417,0.636,0.346,0.6666666666666666
101,MARCUS SEMIEN,5,13,11,3,3,2,0,0,1,6,2,2,0,0,0,1,0,33.33,55.56,0.0,11.11,0.273,0.273,0.385,0.545,0.344,0.6153846153846154
102,COREY SEAGER,3,11,10,3,3,2,0,0,1,6,3,1,0,0,0,3,0,28.57,28.57,42.86,0.0,0.3,0.3,0.364,0.6,0.339,0.6363636363636364
103,RICHARD URENA,1,2,2,0,1,1,0,0,0,1,1,0,0,0,0,0,0,0.0,0.0,100.0,0.0,0.0,0.5,0.5,0.5,0.338,0.5
104,DAVID FREESE,2,4,3,1,1,1,0,0,0,1,1,1,0,0,0,0,0,0.0,50.0,50.0,0.0,0.0,0.333,0.5,0.333,0.338,0.5
105,TREA TURNER,2,9,8,1,3,2,1,0,0,4,3,1,0,0,0,0,0,0.0,100.0,0.0,0.0,0.125,0.375,0.444,0.5,0.337,0.5555555555555556
106,KHRIS DAVIS,5,15,15,2,4,2,0,0,2,10,2,0,0,0,0,5,0,46.15,38.46,7.69,7.69,0.4,0.267,0.267,0.667,0.329,0.6666666666666666
107,BRIAN MCCANN,1,4,3,0,1,1,0,0,0,1,0,1,0,0,0,0,0,0.0,100.0,0.0,0.0,0.0,0.333,0.5,0.333,0.329,0.5
108,JUAN SOTO,2,9,8,1,3,2,1,0,0,4,4,1,0,0,0,2,0,0.0,75.0,25.0,0.0,0.125,0.375,0.444,0.5,0.327,0.5555555555555556
109,ANDREW MCCUTCHEN,2,7,6,2,1,0,0,0,1,4,2,1,0,0,0,1,0,75.0,25.0,0.0,0.0,0.5,0.167,0.286,0.667,0.323,0.7142857142857143
110,GEORGE SPRINGER,2,8,7,0,3,3,0,0,0,3,2,1,0,0,0,0,0,20.0,80.0,0.0,0.0,0.0,0.429,0.5,0.429,0.322,0.5
111,ERIK KRATZ,1,2,1,0,0,0,0,0,0,0,0,0,1,0,0,0,0,0.0,100.0,0.0,0.0,0.0,0.0,0.5,0.0,0.322,0.0
112,JOSH REDDICK,2,6,6,0,3,3,0,0,0,3,0,0,0,0,0,0,1,16.67,50.0,33.33,0.0,0.0,0.5,0.5,0.5,0.321,0.5
113,MITCH HANIGER,5,20,18,3,5,2,2,0,1,10,5,0,1,1,0,2,0,35.71,28.57,28.57,7.14,0.278,0.278,0.3,0.556,0.321,0.5
114,WILSON RAMOS,2,9,8,3,3,2,1,0,0,4,1,1,0,0,0,2,0,0.0,57.14,42.86,0.0,0.125,0.375,0.444,0.5,0.321,0.5555555555555556
115,MARWIN GONZALEZ,2,5,4,0,1,0,1,0,0,2,2,1,0,0,0,2,0,0.0,50.0,50.0,0.0,0.25,0.25,0.4,0.5,0.315,0.6
116,JESUS SUCRE,2,5,5,0,2,1,1,0,0,3,1,0,0,0,0,3,0,25.0,50.0,25.0,0.0,0.2,0.4,0.4,0.6,0.314,0.6
117,JUNG-HO KANG,1,4,3,0,1,1,0,0,0,1,2,1,0,0,0,2,0,0.0,0.0,100.0,0.0,0.0,0.333,0.5,0.333,0.313,0.5
118,RIO RUIZ,2,5,5,1,2,1,1,0,0,3,2,0,0,0,0,1,0,33.33,33.33,33.33,0.0,0.2,0.4,0.4,0.6,0.31,0.6
119,TUCKER BARNHART,1,4,3,1,1,1,0,0,0,1,1,1,0,0,0,0,0,0.0,50.0,50.0,0.0,0.0,0.333,0.5,0.333,0.31,0.5
120,WIL MYERS,2,5,5,1,1,0,1,0,0,2,2,0,0,0,0,0,1,33.33,66.67,0.0,0.0,0.2,0.2,0.2,0.4,0.305,0.4
121,DAVID BOTE,2,7,6,1,2,1,1,0,0,3,2,1,0,0,0,0,0,50.0,50.0,0.0,0.0,0.167,0.333,0.429,0.5,0.304,0.5714285714285714
122,JORGE POLANCO,2,6,5,1,1,0,0,1,0,3,2,1,0,0,0,0,0,33.33,33.33,0.0,33.33,0.4,0.2,0.333,0.6,0.3,0.6666666666666666
123,ALBERT ALMORA,2,6,5,1,2,2,0,0,0,2,0,1,0,0,0,1,0,0.0,80.0,20.0,0.0,0.0,0.4,0.5,0.4,0.295,0.5
124,ELVIS ANDRUS,2,4,3,1,1,1,0,0,0,1,0,1,0,0,0,0,0,33.33,66.67,0.0,0.0,0.0,0.333,0.5,0.333,0.294,0.5
125,CHRIS OWINGS,2,4,2,0,0,0,0,0,0,0,0,2,0,0,0,0,0,0.0,50.0,0.0,50.0,0.0,0.0,0.5,0.0,0.292,0.5
126,AARON JUDGE,2,8,6,3,2,2,0,0,0,2,2,2,0,0,0,0,0,0.0,100.0,0.0,0.0,0.0,0.333,0.5,0.333,0.291,0.5
127,MICHAEL BRANTLEY,2,6,6,0,2,1,1,0,0,3,0,0,0,0,0,2,0,33.33,16.67,50.0,0.0,0.167,0.333,0.333,0.5,0.29,0.5
128,MANNY MACHADO,2,5,5,0,2,2,0,0,0,2,1,0,0,0,0,0,0,25.0,25.0,50.0,0.0,0.0,0.4,0.4,0.4,0.289,0.4
129,TOMMY PHAM,3,12,11,1,4,4,0,0,0,4,4,1,0,0,0,2,0,0.0,28.57,71.43,0.0,0.0,0.364,0.417,0.364,0.287,0.4166666666666667
130,J.D. MARTINEZ,3,8,8,0,2,2,0,0,0,2,1,0,0,0,0,1,0,0.0,42.86,57.14,0.0,0.0,0.25,0.25,0.25,0.287,0.25
131,MARTIN PRADO,3,3,3,0,1,1,0,0,0,1,0,0,0,0,0,1,0,33.33,33.33,33.33,0.0,0.0,0.333,0.333,0.333,0.286,0.3333333333333333
132,DEXTER FOWLER,3,11,7,1,1,1,0,0,0,1,2,4,0,0,0,0,0,0.0,0.0,60.0,40.0,0.0,0.143,0.455,0.143,0.283,0.45454545454545453
133,BILLY HAMILTON,2,5,5,2,2,2,0,0,0,2,0,0,0,0,0,0,0,0.0,20.0,40.0,40.0,0.0,0.4,0.4,0.4,0.283,0.4
134,KOLE CALHOUN,3,11,10,2,3,2,1,0,0,4,2,1,0,0,0,1,0,50.0,25.0,25.0,0.0,0.1,0.3,0.364,0.4,0.278,0.45454545454545453
135,LORENZO CAIN,3,13,12,2,4,4,0,0,0,4,2,1,0,0,0,0,0,10.0,50.0,40.0,0.0,0.0,0.333,0.385,0.333,0.278,0.38461538461538464
136,ODUBEL HERRERA,2,7,5,1,1,1,0,0,0,1,1,2,0,0,0,1,0,0.0,100.0,0.0,0.0,0.0,0.2,0.429,0.2,0.278,0.42857142857142855
137,J.B. SHUCK,1,4,2,0,0,0,0,0,0,0,1,2,0,0,0,0,0,0.0,0.0,100.0,0.0,0.0,0.0,0.5,0.0,0.277,0.5
138,ROBINSON CANO,2,6,6,1,1,0,0,0,1,4,1,0,0,0,0,1,0,60.0,20.0,20.0,0.0,0.5,0.167,0.167,0.667,0.277,0.6666666666666666
139,ANDRELTON SIMMONS,3,9,8,0,3,3,0,0,0,3,0,1,0,0,0,3,1,25.0,50.0,12.5,12.5,0.0,0.375,0.444,0.375,0.273,0.4444444444444444
140,JUSTIN SMOAK,2,6,6,1,1,0,0,0,1,4,2,0,0,0,0,2,0,25.0,25.0,25.0,25.0,0.5,0.167,0.167,0.667,0.271,0.6666666666666666
141,EDWIN ENCARNACION,5,19,13,2,1,1,0,0,0,1,5,4,2,0,0,0,0,12.5,37.5,25.0,25.0,0.0,0.077,0.368,0.077,0.27,0.2631578947368421
142,CHRISTIN STEWART,3,10,8,1,1,0,0,0,1,4,5,2,0,0,0,2,0,66.67,0.0,33.33,0.0,0.375,0.125,0.3,0.5,0.269,0.6
143,MARCELL OZUNA,3,13,13,2,4,3,1,0,0,5,3,0,0,0,0,0,0,20.0,50.0,20.0,10.0,0.077,0.308,0.308,0.385,0.267,0.38461538461538464
144,A.J. POLLOCK,3,11,9,1,2,1,1,0,0,3,1,1,1,0,0,1,0,37.5,37.5,25.0,0.0,0.111,0.222,0.364,0.333,0.266,0.36363636363636365
145,JOSE ABREU,2,8,8,1,2,1,0,0,1,5,2,0,0,0,0,3,1,16.67,50.0,0.0,33.33,0.375,0.25,0.25,0.625,0.264,0.625
146,MOOKIE BETTS,3,6,6,1,2,2,0,0,0,2,1,0,0,0,0,0,0,20.0,60.0,0.0,20.0,0.0,0.333,0.333,0.333,0.263,0.3333333333333333
147,ROBINSON CHIRINOS,1,3,3,0,1,1,0,0,0,1,2,0,0,0,0,0,0,0.0,100.0,0.0,0.0,0.0,0.333,0.333,0.333,0.258,0.3333333333333333
148,OZZIE ALBIES,2,8,7,0,2,2,0,0,0,2,1,1,0,0,0,0,0,33.33,33.33,33.33,0.0,0.0,0.286,0.375,0.286,0.255,0.375
149,NOLAN ARENADO,3,14,14,2,4,3,1,0,0,5,1,0,0,0,0,1,0,23.08,30.77,38.46,7.69,0.071,0.286,0.286,0.357,0.255,0.35714285714285715
150,LEONYS MARTIN,2,6,5,0,1,0,1,0,0,2,2,1,0,0,0,0,0,0.0,33.33,0.0,66.67,0.2,0.2,0.333,0.4,0.255,0.5
151,STEPHEN PISCOTTY,5,15,14,0,4,3,1,0,0,5,3,1,0,0,0,3,1,27.27,45.45,18.18,9.09,0.071,0.286,0.333,0.357,0.253,0.4
152,MANUEL MARGOT,2,4,4,0,1,0,1,0,0,2,2,0,0,0,0,0,0,0.0,0.0,100.0,0.0,0.25,0.25,0.25,0.5,0.249,0.5
153,PAUL DEJONG,3,13,12,0,3,2,1,0,0,4,3,0,1,0,0,1,0,22.22,22.22,55.56,0.0,0.083,0.25,0.308,0.333,0.249,0.3076923076923077
154,BRANDON DRURY,2,7,7,1,2,1,1,0,0,3,1,0,0,0,0,0,0,33.33,0.0,50.0,16.67,0.143,0.286,0.286,0.429,0.244,0.42857142857142855
155,MAX MUNCY,3,12,11,1,2,1,0,0,1,5,2,1,0,0,0,3,0,44.44,22.22,11.11,22.22,0.273,0.182,0.25,0.455,0.244,0.5
156,TRAVIS SHAW,3,11,10,1,2,1,0,0,1,5,3,1,0,0,0,1,1,42.86,57.14,0.0,0.0,0.3,0.2,0.273,0.5,0.244,0.5454545454545454
157,JI-MAN CHOI,3,12,12,0,3,3,0,0,0,3,4,0,0,0,0,2,0,12.5,75.0,12.5,0.0,0.0,0.25,0.25,0.25,0.243,0.25
158,BILLY MCKINNEY,2,5,4,0,1,1,0,0,0,1,1,1,0,0,0,1,0,0.0,66.67,33.33,0.0,0.0,0.25,0.4,0.25,0.243,0.4
159,ANTHONY RIZZO,2,5,4,2,1,1,0,0,0,1,0,1,0,0,0,0,0,0.0,50.0,25.0,25.0,0.0,0.25,0.4,0.25,0.241,0.4
160,KENDRYS MORALES,2,8,6,1,1,1,0,0,0,1,1,2,0,0,0,0,0,20.0,60.0,20.0,0.0,0.0,0.167,0.375,0.167,0.238,0.375
161,ENDER INCIARTE,2,8,7,2,1,0,0,1,0,3,3,1,0,0,0,0,0,25.0,50.0,25.0,0.0,0.286,0.143,0.25,0.429,0.237,0.5
162,ELOY JIMENEZ,2,6,6,1,2,2,0,0,0,2,3,0,0,0,0,0,0,0.0,66.67,33.33,0.0,0.0,0.333,0.333,0.333,0.236,0.3333333333333333
163,YAN GOMES,1,3,3,0,1,1,0,0,0,1,2,0,0,0,0,0,0,0.0,0.0,100.0,0.0,0.0,0.333,0.333,0.333,0.233,0.3333333333333333
164,ADAM EATON,2,8,6,1,1,1,0,0,0,1,3,0,2,0,0,0,0,33.33,0.0,33.33,33.33,0.0,0.167,0.375,0.167,0.231,0.125
165,ALEX BREGMAN,2,8,8,1,1,0,0,0,1,4,2,0,0,0,0,1,0,0.0,50.0,50.0,0.0,0.375,0.125,0.125,0.5,0.229,0.5
166,ROBBIE GROSSMAN,5,14,13,3,4,4,0,0,0,4,2,1,0,0,0,0,1,27.27,45.45,27.27,0.0,0.0,0.308,0.357,0.308,0.229,0.35714285714285715
167,OMAR NARVAEZ,3,14,13,2,2,1,0,0,1,5,4,1,0,0,0,1,0,33.33,22.22,22.22,22.22,0.231,0.154,0.214,0.385,0.228,0.42857142857142855
168,ROUGNED ODOR,2,3,3,0,1,1,0,0,0,1,1,0,0,0,0,1,0,0.0,0.0,50.0,50.0,0.0,0.333,0.333,0.333,0.225,0.3333333333333333
169,YULIESKI GURRIEL,2,6,5,0,1,1,0,0,0,1,2,1,0,0,0,0,0,0.0,33.33,33.33,33.33,0.0,0.2,0.333,0.2,0.224,0.3333333333333333
170,ROWDY TELLEZ,2,5,3,0,0,0,0,0,0,0,1,1,1,0,0,0,0,0.0,50.0,50.0,0.0,0.0,0.0,0.4,0.0,0.223,0.2
171,GUILLERMO HEREDIA,1,1,0,0,0,0,0,0,0,0,0,0,0,0,1,0,0,0.0,100.0,0.0,0.0,0.0,0.0,0.0,0.0,0.221,0.0
172,ANTHONY RENDON,2,9,8,2,2,1,1,0,0,3,2,0,1,0,0,1,1,33.33,33.33,33.33,0.0,0.125,0.25,0.333,0.375,0.22,0.3333333333333333
173,ALEX GORDON,2,5,3,3,0,0,0,0,0,0,1,1,1,0,0,0,0,0.0,100.0,0.0,0.0,0.0,0.0,0.4,0.0,0.219,0.2
174,TYLER O'NEILL,3,5,5,0,1,0,1,0,0,2,2,0,0,0,0,0,0,66.67,0.0,0.0,33.33,0.2,0.2,0.2,0.4,0.218,0.4
175,KYLE FREELAND,1,3,2,0,0,0,0,0,0,0,2,1,0,0,0,0,0,0.0,0.0,0.0,0.0,0.0,0.0,0.333,0.0,0.216,0.3333333333333333
176,AMED ROSARIO,2,9,8,1,2,2,0,0,0,2,3,1,0,0,0,0,0,0.0,80.0,20.0,0.0,0.0,0.25,0.333,0.25,0.216,0.3333333333333333
177,KURT SUZUKI,1,5,4,0,0,0,0,0,0,0,0,0,0,1,0,1,0,20.0,60.0,20.0,0.0,0.0,0.0,0.0,0.0,0.21,0.0
178,TYLER WHITE,1,3,2,0,0,0,0,0,0,0,1,1,0,0,0,0,0,0.0,100.0,0.0,0.0,0.0,0.0,0.333,0.0,0.21,0.3333333333333333
179,CHARLIE BLACKMON,3,12,12,1,4,4,0,0,0,4,1,0,0,0,0,2,1,27.27,36.36,27.27,9.09,0.0,0.333,0.333,0.333,0.208,0.3333333333333333
180,MIGUEL CABRERA,3,11,9,0,2,2,0,0,0,2,2,1,1,0,0,0,1,28.57,57.14,14.29,0.0,0.0,0.222,0.364,0.222,0.207,0.2727272727272727
181,AUSTIN MEADOWS,3,11,10,1,1,0,0,0,1,4,6,1,0,0,0,1,0,75.0,0.0,25.0,0.0,0.3,0.1,0.182,0.4,0.207,0.45454545454545453
182,GARRETT HAMPSON,1,4,4,1,1,1,0,0,0,1,2,0,0,0,0,0,0,0.0,50.0,0.0,50.0,0.0,0.25,0.25,0.25,0.205,0.25
183,DJ LEMAHIEU,1,3,3,1,1,1,0,0,0,1,0,0,0,0,0,1,0,0.0,100.0,0.0,0.0,0.0,0.333,0.333,0.333,0.205,0.3333333333333333
184,KEVIN KIERMAIER,3,9,9,2,2,1,1,0,0,3,6,0,0,0,0,1,0,0.0,33.33,66.67,0.0,0.111,0.222,0.222,0.333,0.205,0.3333333333333333
185,YADIER MOLINA,3,12,10,1,1,0,1,0,0,2,1,2,0,0,0,1,0,33.33,33.33,22.22,11.11,0.1,0.1,0.25,0.2,0.202,0.3333333333333333
186,LEURY GARCIA,2,9,9,1,2,1,1,0,0,3,3,0,0,0,0,1,0,16.67,50.0,33.33,0.0,0.111,0.222,0.222,0.333,0.201,0.3333333333333333
187,BYRON BUXTON,2,5,5,0,1,0,1,0,0,2,1,0,0,0,0,0,0,75.0,0.0,25.0,0.0,0.2,0.2,0.2,0.4,0.198,0.4
188,BROCK HOLT,1,3,2,0,0,0,0,0,0,0,2,1,0,0,0,0,0,0.0,0.0,0.0,0.0,0.0,0.0,0.333,0.0,0.192,0.3333333333333333
189,IAN KINSLER,3,5,4,0,1,1,0,0,0,1,0,1,0,0,0,0,1,50.0,25.0,25.0,0.0,0.0,0.25,0.4,0.25,0.192,0.4
190,GARY SANCHEZ,2,8,8,0,2,2,0,0,0,2,0,0,0,0,0,0,0,37.5,25.0,12.5,25.0,0.0,0.25,0.25,0.25,0.192,0.25
191,BEN ZOBRIST,2,6,4,0,0,0,0,0,0,0,1,2,0,0,0,0,0,66.67,33.33,0.0,0.0,0.0,0.0,0.333,0.0,0.19,0.3333333333333333
192,JOSE ALTUVE,2,8,6,1,1,1,0,0,0,1,0,2,0,0,0,0,1,16.67,50.0,0.0,33.33,0.0,0.167,0.375,0.167,0.19,0.375
193,DYLAN MOORE,2,3,2,0,0,0,0,0,0,0,2,1,0,0,0,0,0,0.0,0.0,0.0,0.0,0.0,0.0,0.333,0.0,0.189,0.3333333333333333
194,TIM ANDERSON,2,8,8,1,2,2,0,0,0,2,1,0,0,0,0,1,0,0.0,85.71,14.29,0.0,0.0,0.25,0.25,0.25,0.188,0.25
195,ERIK GONZALEZ,1,4,4,0,1,1,0,0,0,1,0,0,0,0,0,0,0,0.0,75.0,0.0,25.0,0.0,0.25,0.25,0.25,0.188,0.25
196,ADAM FRAZIER,1,3,2,0,0,0,0,0,0,0,1,1,0,0,0,0,0,0.0,100.0,0.0,0.0,0.0,0.0,0.333,0.0,0.188,0.3333333333333333
197,NOAH SYNDERGAARD,1,3,2,1,0,0,0,0,0,0,1,1,0,0,0,0,0,0.0,100.0,0.0,0.0,0.0,0.0,0.333,0.0,0.187,0.3333333333333333
198,DELINO DESHIELDS,2,3,2,0,0,0,0,0,0,0,1,1,0,0,0,0,0,100.0,0.0,0.0,0.0,0.0,0.0,0.333,0.0,0.183,0.3333333333333333
199,CARLOS SANTANA,2,7,6,1,1,1,0,0,0,1,0,1,0,0,0,0,0,50.0,33.33,0.0,16.67,0.0,0.167,0.286,0.167,0.182,0.2857142857142857
200,NELSON CRUZ,2,7,6,1,1,1,0,0,0,1,2,0,1,0,0,1,0,25.0,25.0,50.0,0.0,0.0,0.167,0.286,0.167,0.182,0.14285714285714285
201,ERIC HOSMER,2,4,4,0,1,1,0,0,0,1,1,0,0,0,0,0,0,33.33,33.33,33.33,0.0,0.0,0.25,0.25,0.25,0.179,0.25
202,ALBERT PUJOLS,3,9,7,0,1,1,0,0,0,1,1,1,1,0,0,0,1,33.33,33.33,16.67,16.67,0.0,0.143,0.333,0.143,0.178,0.2222222222222222
203,FRANCISCO CERVELLI,1,4,4,1,1,1,0,0,0,1,1,0,0,0,0,0,0,33.33,33.33,33.33,0.0,0.0,0.25,0.25,0.25,0.178,0.25
204,RONALD ACUNA,2,9,7,1,1,1,0,0,0,1,0,2,0,0,0,1,1,28.57,42.86,28.57,0.0,0.0,0.143,0.333,0.143,0.178,0.3333333333333333
205,JOSH BELL,1,4,4,1,1,1,0,0,0,1,2,0,0,0,0,0,0,50.0,0.0,50.0,0.0,0.0,0.25,0.25,0.25,0.178,0.25
206,DWIGHT SMITH,2,4,4,1,1,1,0,0,0,1,0,0,0,0,0,0,0,25.0,50.0,25.0,0.0,0.0,0.25,0.25,0.25,0.175,0.25
207,JAKE LAMB,2,10,8,0,1,1,0,0,0,1,4,2,0,0,0,0,0,50.0,50.0,0.0,0.0,0.0,0.125,0.3,0.125,0.174,0.3
208,JAY BRUCE,5,17,13,1,1,1,0,0,0,1,2,2,1,1,0,2,0,25.0,16.67,25.0,33.33,0.0,0.077,0.235,0.077,0.173,0.17647058823529413
209,RYAN ZIMMERMAN,2,9,8,0,1,0,1,0,0,2,2,1,0,0,0,3,0,16.67,33.33,50.0,0.0,0.125,0.125,0.222,0.25,0.171,0.3333333333333333
210,JORDY MERCER,2,7,5,0,0,0,0,0,0,0,2,1,1,0,0,0,0,0.0,66.67,33.33,0.0,0.0,0.0,0.286,0.0,0.17,0.14285714285714285
211,JOEY WENDLE,2,7,5,0,0,0,0,0,0,0,1,0,2,0,0,0,0,50.0,50.0,0.0,0.0,0.0,0.0,0.286,0.0,0.168,0.0
212,MATT CARPENTER,3,12,11,2,2,2,0,0,0,2,4,1,0,0,0,1,0,0.0,42.86,42.86,14.29,0.0,0.182,0.25,0.182,0.166,0.25
213,FRANCHY CORDERO,3,4,3,0,0,0,0,0,0,0,2,1,0,0,0,0,0,100.0,0.0,0.0,0.0,0.0,0.0,0.25,0.0,0.165,0.25
214,NICK AHMED,3,12,9,2,1,1,0,0,0,1,1,2,0,1,0,1,1,22.22,66.67,11.11,0.0,0.0,0.111,0.25,0.111,0.164,0.25
215,BRANDON NIMMO,2,9,6,0,0,0,0,0,0,0,5,2,0,0,1,0,0,0.0,100.0,0.0,0.0,0.0,0.0,0.25,0.0,0.164,0.2222222222222222
216,WHIT MERRIFIELD,2,6,5,1,1,1,0,0,0,1,0,1,0,0,0,2,1,40.0,20.0,40.0,0.0,0.0,0.2,0.333,0.2,0.162,0.3333333333333333
217,NIKO GOODRUM,3,10,9,1,1,0,1,0,0,2,3,1,0,0,0,0,0,16.67,33.33,50.0,0.0,0.111,0.111,0.2,0.222,0.16,0.3
218,JOEY RICKARD,2,5,5,1,0,0,0,0,0,0,1,0,0,0,0,0,0,25.0,50.0,25.0,0.0,0.0,0.0,0.0,0.0,0.157,0.0
219,LEWIS BRINSON,3,5,5,0,1,1,0,0,0,1,2,0,0,0,0,0,0,33.33,33.33,33.33,0.0,0.0,0.2,0.2,0.2,0.157,0.2
220,STEVEN DUGGAR,3,4,3,1,0,0,0,0,0,0,1,1,0,0,0,0,0,0.0,50.0,0.0,50.0,0.0,0.0,0.25,0.0,0.156,0.25
221,JONATHAN VILLAR,2,5,5,0,1,1,0,0,0,1,0,0,0,0,0,0,0,20.0,60.0,20.0,0.0,0.0,0.2,0.2,0.2,0.154,0.2
222,TEOSCAR HERNANDEZ,3,8,7,1,1,1,0,0,0,1,1,1,0,0,0,0,0,0.0,66.67,0.0,33.33,0.0,0.143,0.25,0.143,0.152,0.25
223,TROY TULOWITZKI,2,6,4,0,0,0,0,0,0,0,2,2,0,0,0,0,1,50.0,50.0,0.0,0.0,0.0,0.0,0.333,0.0,0.151,0.3333333333333333
224,JOSH HARRISON,3,13,11,0,1,1,0,0,0,1,3,2,0,0,0,0,0,25.0,50.0,12.5,12.5,0.0,0.091,0.231,0.091,0.15,0.23076923076923078
225,CEDRIC MULLINS,2,5,5,1,1,1,0,0,0,1,1,0,0,0,0,0,0,0.0,75.0,25.0,0.0,0.0,0.2,0.2,0.2,0.145,0.2
226,TOMMY LA STELLA,3,7,7,0,1,0,1,0,0,2,0,0,0,0,0,0,0,57.14,14.29,0.0,28.57,0.143,0.143,0.143,0.286,0.144,0.2857142857142857
227,IAN DESMOND,3,13,13,0,2,1,1,0,0,3,4,0,0,0,0,2,0,33.33,11.11,55.56,0.0,0.077,0.154,0.154,0.231,0.144,0.23076923076923078
228,BRAD MILLER,2,5,5,0,1,1,0,0,0,1,3,0,0,0,0,0,0,0.0,50.0,50.0,0.0,0.0,0.2,0.2,0.2,0.143,0.2
229,EUGENIO SUAREZ,1,4,3,0,0,0,0,0,0,0,0,1,0,0,0,0,0,0.0,33.33,33.33,33.33,0.0,0.0,0.25,0.0,0.143,0.25
230,JESSE WINKER,1,4,3,0,0,0,0,0,0,0,1,1,0,0,0,0,0,0.0,0.0,100.0,0.0,0.0,0.0,0.25,0.0,0.142,0.25
231,GORDON BECKHAM,1,4,3,0,0,0,0,0,0,0,2,1,0,0,0,0,0,0.0,0.0,0.0,100.0,0.0,0.0,0.25,0.0,0.142,0.25
232,RANDAL GRICHUK,2,5,4,0,0,0,0,0,0,0,1,0,1,0,0,0,0,0.0,33.33,66.67,0.0,0.0,0.0,0.2,0.0,0.141,0.0
233,MIKE ZUNINO,2,6,6,1,0,0,0,0,0,0,4,0,0,0,0,0,0,0.0,100.0,0.0,0.0,0.0,0.0,0.0,0.0,0.141,0.0
234,DEE GORDON,5,16,14,2,2,2,0,0,0,2,3,0,0,1,1,2,0,15.38,38.46,23.08,23.08,0.0,0.143,0.133,0.143,0.136,0.125
235,MIGUEL ANDUJAR,2,9,8,0,2,2,0,0,0,2,2,0,0,1,0,1,2,28.57,42.86,14.29,14.29,0.0,0.25,0.222,0.25,0.136,0.2222222222222222
236,J.D. DAVIS,1,5,5,1,1,1,0,0,0,1,1,0,0,0,0,2,0,0.0,75.0,25.0,0.0,0.0,0.2,0.2,0.2,0.136,0.2
237,BLAKE SWIHART,2,4,3,1,0,0,0,0,0,0,2,0,1,0,0,0,0,0.0,100.0,0.0,0.0,0.0,0.0,0.25,0.0,0.135,0.0
238,JURICKSON PROFAR,4,15,14,1,1,0,0,1,0,3,1,1,0,0,0,0,0,30.77,15.38,30.77,23.08,0.143,0.071,0.133,0.214,0.132,0.26666666666666666
239,HUNTER DOZIER,2,5,4,0,0,0,0,0,0,0,1,1,0,0,0,0,0,66.67,0.0,33.33,0.0,0.0,0.0,0.2,0.0,0.132,0.2
240,ZACK COZART,3,9,9,1,1,0,1,0,0,2,1,0,0,0,0,0,0,37.5,37.5,0.0,25.0,0.111,0.111,0.111,0.222,0.128,0.2222222222222222
241,ANDREW BENINTENDI,2,5,5,0,1,1,0,0,0,1,3,0,0,0,0,0,0,0.0,100.0,0.0,0.0,0.0,0.2,0.2,0.2,0.127,0.2
242,DANIEL PALKA,2,5,4,0,0,0,0,0,0,0,3,1,0,0,0,0,0,0.0,0.0,100.0,0.0,0.0,0.0,0.2,0.0,0.125,0.2
243,MICHAEL CONFORTO,2,6,6,2,1,1,0,0,0,1,3,0,0,0,0,0,0,33.33,66.67,0.0,0.0,0.0,0.167,0.167,0.167,0.121,0.16666666666666666
244,STARLIN CASTRO,3,6,6,1,1,1,0,0,0,1,0,0,0,0,0,0,0,33.33,50.0,16.67,0.0,0.0,0.167,0.167,0.167,0.115,0.16666666666666666
245,HUNTER RENFROE,2,4,4,0,1,1,0,0,0,1,1,0,0,0,0,0,1,33.33,33.33,33.33,0.0,0.0,0.25,0.25,0.25,0.115,0.25
246,ERIC THAMES,3,6,6,0,1,1,0,0,0,1,5,0,0,0,0,0,0,100.0,0.0,0.0,0.0,0.0,0.167,0.167,0.167,0.108,0.16666666666666666
247,DAKOTA HUDSON,1,2,1,0,0,0,0,0,0,0,0,0,0,0,1,0,0,0.0,100.0,0.0,0.0,0.0,0.0,0.0,0.0,0.108,0.0
248,JONATHAN LUCROY,3,9,8,1,1,1,0,0,0,1,0,1,0,0,0,0,1,25.0,25.0,25.0,25.0,0.0,0.125,0.222,0.125,0.106,0.2222222222222222
249,YONDER ALONSO,2,6,5,0,0,0,0,0,0,0,1,1,0,0,0,0,0,0.0,50.0,25.0,25.0,0.0,0.0,0.167,0.0,0.106,0.16666666666666666
250,JONATHAN SCHOOP,2,6,5,0,0,0,0,0,0,0,2,0,1,0,0,0,0,33.33,0.0,66.67,0.0,0.0,0.0,0.167,0.0,0.102,0.0
251,YOLMER SANCHEZ,2,8,8,1,1,1,0,0,0,1,1,0,0,0,0,0,0,42.86,28.57,28.57,0.0,0.0,0.125,0.125,0.125,0.101,0.125
252,JOSH PHEGLEY,3,7,7,1,1,1,0,0,0,1,1,0,0,0,0,0,0,16.67,16.67,50.0,16.67,0.0,0.143,0.143,0.143,0.1,0.14285714285714285
253,LOURDES GURRIEL,2,6,5,0,0,0,0,0,0,0,0,1,0,0,0,0,0,20.0,20.0,0.0,60.0,0.0,0.0,0.167,0.0,0.1,0.16666666666666666
254,JESUS AGUILAR,2,7,7,1,1,1,0,0,0,1,2,0,0,0,0,0,0,20.0,60.0,20.0,0.0,0.0,0.143,0.143,0.143,0.099,0.14285714285714285
255,GRAYSON GREINER,2,8,8,0,1,1,0,0,0,1,4,0,0,0,0,0,0,25.0,75.0,0.0,0.0,0.0,0.125,0.125,0.125,0.099,0.125
256,HYUN-JIN RYU,2,3,2,0,0,0,0,0,0,0,0,0,0,0,1,0,0,0.0,100.0,0.0,0.0,0.0,0.0,0.0,0.0,0.098,0.0
257,TONY KEMP,2,6,5,1,0,0,0,0,0,0,1,0,1,0,0,0,0,0.0,75.0,25.0,0.0,0.0,0.0,0.167,0.0,0.098,0.0
258,JAMESON TAILLON,1,3,2,0,0,0,0,0,0,0,1,0,0,0,1,0,0,0.0,100.0,0.0,0.0,0.0,0.0,0.0,0.0,0.096,0.0
259,RONALD GUZMAN,1,3,2,0,0,0,0,0,0,0,0,1,0,0,0,0,1,0.0,100.0,0.0,0.0,0.0,0.0,0.333,0.0,0.093,0.3333333333333333
260,AVISAIL GARCIA,2,7,7,0,1,1,0,0,0,1,2,0,0,0,0,0,0,60.0,40.0,0.0,0.0,0.0,0.143,0.143,0.143,0.092,0.14285714285714285
261,ICHIRO SUZUKI,2,6,5,0,0,0,0,0,0,0,1,1,0,0,0,0,0,0.0,50.0,0.0,50.0,0.0,0.0,0.167,0.0,0.091,0.16666666666666666
262,XANDER BOGAERTS,3,7,6,0,0,0,0,0,0,0,4,1,0,0,0,0,0,50.0,0.0,0.0,50.0,0.0,0.0,0.143,0.0,0.09,0.14285714285714285
263,BRETT GARDNER,2,8,7,1,0,0,0,0,0,0,2,1,0,0,0,0,0,60.0,20.0,20.0,0.0,0.0,0.0,0.125,0.0,0.088,0.125
264,C.J. CRON,2,6,6,1,1,1,0,0,0,1,2,0,0,0,0,0,1,50.0,25.0,25.0,0.0,0.0,0.167,0.167,0.167,0.083,0.16666666666666666
265,BEN GAMEL,2,5,4,0,0,0,0,0,0,0,1,1,0,0,0,0,0,33.33,66.67,0.0,0.0,0.0,0.0,0.2,0.0,0.083,0.2
266,JEIMER CANDELARIO,3,11,11,0,1,1,0,0,0,1,6,0,0,0,0,0,0,40.0,40.0,20.0,0.0,0.0,0.091,0.091,0.091,0.082,0.09090909090909091
267,BRYCE HARPER,2,7,5,1,0,0,0,0,0,0,2,2,0,0,0,0,1,66.67,33.33,0.0,0.0,0.0,0.0,0.286,0.0,0.078,0.2857142857142857
268,KETEL MARTE,3,12,11,0,1,1,0,0,0,1,2,0,0,1,0,2,1,20.0,60.0,20.0,0.0,0.0,0.091,0.083,0.091,0.075,0.08333333333333333
269,RAMON LAUREANO,4,10,10,0,1,1,0,0,0,1,5,0,0,0,0,0,0,40.0,20.0,40.0,0.0,0.0,0.1,0.1,0.1,0.074,0.1
270,NICK HUNDLEY,2,5,5,0,1,1,0,0,0,1,1,0,0,0,0,0,1,50.0,50.0,0.0,0.0,0.0,0.2,0.2,0.2,0.073,0.2
271,DANIEL MURPHY,2,9,9,1,1,1,0,0,0,1,0,0,0,0,0,0,0,66.67,33.33,0.0,0.0,0.0,0.111,0.111,0.111,0.072,0.1111111111111111
272,JOSH DONALDSON,2,8,7,1,0,0,0,0,0,0,2,1,0,0,0,0,0,0.0,60.0,20.0,20.0,0.0,0.0,0.125,0.0,0.067,0.125
273,SAM TRAVIS,1,1,1,0,0,0,0,0,0,0,0,0,0,0,0,0,0,0.0,100.0,0.0,0.0,0.0,0.0,0.0,0.0,0.048,0.0
274,NICK MARKAKIS,2,7,7,0,1,1,0,0,0,1,2,0,0,0,0,1,1,20.0,60.0,0.0,20.0,0.0,0.143,0.143,0.143,0.048,0.14285714285714285
275,CHAD PINDER,4,8,7,0,0,0,0,0,0,0,1,0,0,1,0,1,0,28.57,14.29,14.29,42.86,0.0,0.0,0.0,0.0,0.047,0.0
276,SHIN-SOO CHOO,1,2,2,0,0,0,0,0,0,0,2,0,0,0,0,0,0,0.0,0.0,0.0,0.0,0.0,0.0,0.0,0.0,0.047,0.0
277,CHRIS TAYLOR,2,6,5,0,0,0,0,0,0,0,1,0,1,0,0,0,1,0.0,50.0,25.0,25.0,0.0,0.0,0.167,0.0,0.045,0.0
278,YASIEL PUIG,1,4,4,0,0,0,0,0,0,0,2,0,0,0,0,0,0,50.0,50.0,0.0,0.0,0.0,0.0,0.0,0.0,0.034,0.0
279,JUSTIN BOUR,3,9,8,0,0,0,0,0,0,0,2,1,0,0,0,0,1,16.67,66.67,0.0,16.67,0.0,0.0,0.111,0.0,0.033,0.1111111111111111
280,JASON CASTRO,1,3,3,0,0,0,0,0,0,0,1,0,0,0,0,0,0,100.0,0.0,0.0,0.0,0.0,0.0,0.0,0.0,0.028,0.0
281,JOHN HICKS,1,3,3,0,0,0,0,0,0,0,0,0,0,0,0,0,0,0.0,33.33,0.0,66.67,0.0,0.0,0.0,0.0,0.027,0.0
282,DUSTIN PETERSON,1,4,4,0,0,0,0,0,0,0,1,0,0,0,0,0,0,66.67,33.33,0.0,0.0,0.0,0.0,0.0,0.0,0.026,0.0
283,MELKY CABRERA,1,3,3,0,0,0,0,0,0,0,1,0,0,0,0,0,0,50.0,50.0,0.0,0.0,0.0,0.0,0.0,0.0,0.026,0.0
284,MIKIE MAHTOOK,3,8,8,0,0,0,0,0,0,0,4,0,0,0,0,0,0,25.0,25.0,0.0,50.0,0.0,0.0,0.0,0.0,0.024,0.0
285,RICHIE MARTIN,2,4,4,0,0,0,0,0,0,0,3,0,0,0,0,0,0,100.0,0.0,0.0,0.0,0.0,0.0,0.0,0.0,0.022,0.0
286,KEVIN PILLAR,3,9,9,0,0,0,0,0,0,0,3,0,0,0,0,0,0,33.33,16.67,16.67,33.33,0.0,0.0,0.0,0.0,0.022,0.0
287,RENATO NUNEZ,1,2,2,0,0,0,0,0,0,0,1,0,0,0,0,0,0,0.0,100.0,0.0,0.0,0.0,0.0,0.0,0.0,0.022,0.0
288,JEFF MATHIS,1,1,1,0,0,0,0,0,0,0,1,0,0,0,0,0,0,0.0,0.0,0.0,0.0,0.0,0.0,0.0,0.0,0.021,0.0
289,CHRIS DAVIS,1,3,3,0,0,0,0,0,0,0,3,0,0,0,0,0,0,0.0,0.0,0.0,0.0,0.0,0.0,0.0,0.0,0.021,0.0
290,GREG BIRD,1,3,3,0,0,0,0,0,0,0,3,0,0,0,0,0,0,0.0,0.0,0.0,0.0,0.0,0.0,0.0,0.0,0.021,0.0
291,JAKE BAUERS,2,5,5,0,0,0,0,0,0,0,1,0,0,0,0,0,0,0.0,50.0,0.0,50.0,0.0,0.0,0.0,0.0,0.02,0.0
292,EDDIE ROSARIO,2,6,6,0,0,0,0,0,0,0,2,0,0,0,0,0,0,50.0,50.0,0.0,0.0,0.0,0.0,0.0,0.0,0.019,0.0
293,ALEDMYS DIAZ,1,3,3,0,0,0,0,0,0,0,2,0,0,0,0,0,0,0.0,0.0,0.0,100.0,0.0,0.0,0.0,0.0,0.018,0.0
294,MILES MIKOLAS,1,2,2,0,0,0,0,0,0,0,2,0,0,0,0,0,0,0.0,0.0,0.0,0.0,0.0,0.0,0.0,0.0,0.017,0.0
295,GERARDO PARRA,1,2,2,0,0,0,0,0,0,0,1,0,0,0,0,0,0,0.0,0.0,100.0,0.0,0.0,0.0,0.0,0.0,0.016,0.0
296,DANNY JANSEN,2,5,5,0,0,0,0,0,0,0,1,0,0,0,0,0,0,25.0,75.0,0.0,0.0,0.0,0.0,0.0,0.0,0.014,0.0
297,FREDDY GALVIS,2,6,6,0,0,0,0,0,0,0,2,0,0,0,0,0,0,25.0,50.0,25.0,0.0,0.0,0.0,0.0,0.0,0.014,0.0
298,BRANDON CRAWFORD,3,4,4,0,0,0,0,0,0,0,0,0,0,0,0,0,0,25.0,50.0,0.0,25.0,0.0,0.0,0.0,0.0,0.013,0.0
299,BRANDON LOWE,2,8,8,0,0,0,0,0,0,0,4,0,0,0,0,0,0,0.0,100.0,0.0,0.0,0.0,0.0,0.0,0.0,0.013,0.0
300,FERNANDO TATIS JR.,2,5,5,0,0,0,0,0,0,0,2,0,0,0,0,0,0,33.33,66.67,0.0,0.0,0.0,0.0,0.0,0.0,0.011,0.0
301,YASMANI GRANDAL,3,11,10,1,0,0,0,0,0,0,4,0,0,1,0,1,1,14.29,71.43,14.29,0.0,0.0,0.0,0.0,0.0,0.011,0.0
302,MAX KEPLER,2,6,6,0,0,0,0,0,0,0,1,0,0,0,0,0,0,40.0,20.0,0.0,40.0,0.0,0.0,0.0,0.0,0.01,0.0
303,MITCH GARVER,1,3,3,0,0,0,0,0,0,0,0,0,0,0,0,0,0,33.33,33.33,0.0,33.33,0.0,0.0,0.0,0.0,0.01,0.0
304,ROBERTO PEREZ,2,6,6,0,0,0,0,0,0,0,2,0,0,0,0,0,0,50.0,50.0,0.0,0.0,0.0,0.0,0.0,0.0,0.009,0.0
305,WILLY ADAMES,2,7,7,0,0,0,0,0,0,0,5,0,0,0,0,0,0,0.0,50.0,50.0,0.0,0.0,0.0,0.0,0.0,0.009,0.0
306,TYLER NAQUIN,2,7,7,0,0,0,0,0,0,0,6,0,0,0,0,0,0,0.0,0.0,0.0,100.0,0.0,0.0,0.0,0.0,0.009,0.0
307,ERIC STAMETS,1,2,2,0,0,0,0,0,0,0,2,0,0,0,0,0,0,0.0,0.0,0.0,0.0,0.0,0.0,0.0,0.0,0.008,0.0
308,MAX MOROFF,1,2,2,0,0,0,0,0,0,0,2,0,0,0,0,0,0,0.0,0.0,0.0,0.0,0.0,0.0,0.0,0.0,0.008,0.0
309,BRIAN DOZIER,2,6,6,0,0,0,0,0,0,0,3,0,0,0,0,0,0,33.33,33.33,33.33,0.0,0.0,0.0,0.0,0.0,0.008,0.0
310,JACOB DEGROM,1,2,2,0,0,0,0,0,0,0,1,0,0,0,0,0,0,0.0,0.0,100.0,0.0,0.0,0.0,0.0,0.0,0.008,0.0
311,MATT ADAMS,2,2,2,0,0,0,0,0,0,0,1,0,0,0,0,0,0,100.0,0.0,0.0,0.0,0.0,0.0,0.0,0.0,0.008,0.0
312,STEPHEN STRASBURG,1,2,2,0,0,0,0,0,0,0,1,0,0,0,0,0,0,0.0,100.0,0.0,0.0,0.0,0.0,0.0,0.0,0.008,0.0
313,JUAN LAGARES,1,3,3,0,0,0,0,0,0,0,2,0,0,0,0,0,0,0.0,100.0,0.0,0.0,0.0,0.0,0.0,0.0,0.008,0.0
314,MAX SCHERZER,1,3,3,0,0,0,0,0,0,0,3,0,0,0,0,0,0,0.0,0.0,0.0,0.0,0.0,0.0,0.0,0.0,0.007,0.0
315,LUIS CASTILLO,1,2,2,0,0,0,0,0,0,0,1,0,0,0,0,0,0,0.0,100.0,0.0,0.0,0.0,0.0,0.0,0.0,0.006,0.0
316,SCOTT SCHEBLER,1,4,4,0,0,0,0,0,0,0,2,0,0,0,0,0,0,0.0,50.0,50.0,0.0,0.0,0.0,0.0,0.0,0.006,0.0
317,JOSE RAMIREZ,2,6,6,0,0,0,0,0,0,0,2,0,0,0,0,0,0,25.0,50.0,0.0,25.0,0.0,0.0,0.0,0.0,0.006,0.0
318,JAMES MCCANN,1,3,3,0,0,0,0,0,0,0,0,0,0,0,0,0,0,33.33,66.67,0.0,0.0,0.0,0.0,0.0,0.0,0.006,0.0
319,MARTIN MALDONADO,2,5,5,1,0,0,0,0,0,0,1,0,0,0,0,0,0,0.0,75.0,25.0,0.0,0.0,0.0,0.0,0.0,0.005,0.0
320,FRANCISCO MEJIA,1,3,3,0,0,0,0,0,0,0,0,0,0,0,0,0,0,0.0,66.67,33.33,0.0,0.0,0.0,0.0,0.0,0.004,0.0
321,NICK MARGEVICIUS,1,1,1,0,0,0,0,0,0,0,0,0,0,0,0,0,0,0.0,100.0,0.0,0.0,0.0,0.0,0.0,0.0,0.003,0.0
322,PABLO SANDOVAL,1,1,1,0,0,0,0,0,0,0,0,0,0,0,0,0,0,0.0,100.0,0.0,0.0,0.0,0.0,0.0,0.0,0.003,0.0
323,BRANDON BELT,2,3,3,0,0,0,0,0,0,0,2,0,0,0,0,0,0,100.0,0.0,0.0,0.0,0.0,0.0,0.0,0.0,0.002,0.0
324,CONNOR JOE,1,1,1,0,0,0,0,0,0,0,1,0,0,0,0,0,0,0.0,0.0,0.0,0.0,0.0,0.0,0.0,0.0,0.001,0.0
325,MICHAEL REED,1,1,1,0,0,0,0,0,0,0,1,0,0,0,0,0,0,0.0,0.0,0.0,0.0,0.0,0.0,0.0,0.0,0.001,0.0
326,DANIEL ROBERTSON,1,3,3,0,0,0,0,0,0,0,1,0,0,0,0,0,0,100.0,0.0,0.0,0.0,0.0,0.0,0.0,0.0,-0.002,0.0
327,MAX STASSI,1,3,3,0,0,0,0,0,0,0,2,0,0,0,0,0,0,0.0,100.0,0.0,0.0,0.0,0.0,0.0,0.0,-0.002,0.0
328,ILDEMARO VARGAS,1,1,1,0,0,0,0,0,0,0,0,0,0,0,0,0,0,100.0,0.0,0.0,0.0,0.0,0.0,0.0,0.0,-0.004,0.0
329,AARON NOLA,1,2,2,0,0,0,0,0,0,0,0,0,0,0,0,0,0,50.0,50.0,0.0,0.0,0.0,0.0,0.0,0.0,-0.005,0.0
330,JOHN RYAN MURPHY,2,3,3,0,0,0,0,0,0,0,1,0,0,0,0,0,0,50.0,50.0,0.0,0.0,0.0,0.0,0.0,0.0,-0.005,0.0
331,ZACK GODLEY,1,2,2,0,0,0,0,0,0,0,1,0,0,0,0,0,0,100.0,0.0,0.0,0.0,0.0,0.0,0.0,0.0,-0.005,0.0
332,JOHAN CAMARGO,2,2,2,0,0,0,0,0,0,0,1,0,0,0,0,0,0,100.0,0.0,0.0,0.0,0.0,0.0,0.0,0.0,-0.006,0.0
333,NICK PIVETTA,1,2,2,0,0,0,0,0,0,0,1,0,0,0,0,0,0,0.0,100.0,0.0,0.0,0.0,0.0,0.0,0.0,-0.006,0.0
334,NICK WILLIAMS,2,2,2,0,0,0,0,0,0,0,1,0,0,0,0,0,0,0.0,100.0,0.0,0.0,0.0,0.0,0.0,0.0,-0.006,0.0
335,MATT ANDRIESE,1,1,1,0,0,0,0,0,0,0,1,0,0,0,0,0,0,0.0,0.0,0.0,0.0,0.0,0.0,0.0,0.0,-0.006,0.0
336,MATTHEW KOCH,1,1,1,0,0,0,0,0,0,0,1,0,0,0,0,0,0,0.0,0.0,0.0,0.0,0.0,0.0,0.0,0.0,-0.006,0.0
337,ROBBIE RAY,1,2,2,0,0,0,0,0,0,0,2,0,0,0,0,0,0,0.0,0.0,0.0,0.0,0.0,0.0,0.0,0.0,-0.006,0.0
338,BRYSE WILSON,1,2,2,0,0,0,0,0,0,0,2,0,0,0,0,0,0,0.0,0.0,0.0,0.0,0.0,0.0,0.0,0.0,-0.007,0.0
339,JULIO TEHERAN,1,2,2,0,0,0,0,0,0,0,2,0,0,0,0,0,0,0.0,0.0,0.0,0.0,0.0,0.0,0.0,0.0,-0.007,0.0
340,JOSE MARTINEZ,1,1,1,0,0,0,0,0,0,0,1,0,0,0,0,0,0,0.0,0.0,0.0,0.0,0.0,0.0,0.0,0.0,-0.009,0.0
341,FREDDY PERALTA,1,1,1,0,0,0,0,0,0,0,0,0,0,0,0,0,0,0.0,100.0,0.0,0.0,0.0,0.0,0.0,0.0,-0.011,0.0
342,ORLANDO ARCIA,3,11,11,0,0,0,0,0,0,0,2,0,0,0,0,0,0,11.11,44.44,44.44,0.0,0.0,0.0,0.0,0.0,-0.011,0.0
343,BRADEN BISHOP,1,1,1,0,0,0,0,0,0,0,1,0,0,0,0,0,0,0.0,0.0,0.0,0.0,0.0,0.0,0.0,0.0,-0.011,0.0
344,DAVID FREITAS,1,2,2,0,0,0,0,0,0,0,0,0,0,0,0,0,0,50.0,50.0,0.0,0.0,0.0,0.0,0.0,0.0,-0.012,0.0
345,JASON HEYWARD,2,5,4,0,0,0,0,0,0,0,0,0,0,1,0,1,2,40.0,40.0,20.0,0.0,0.0,0.0,0.0,0.0,-0.012,0.0
346,DAN VOGELBACH,1,1,1,0,0,0,0,0,0,0,1,0,0,0,0,0,0,0.0,0.0,0.0,0.0,0.0,0.0,0.0,0.0,-0.014,0.0
347,GERMAN MARQUEZ,1,2,2,0,0,0,0,0,0,0,0,0,0,0,0,0,0,0.0,100.0,0.0,0.0,0.0,0.0,0.0,0.0,-0.031,0.0
348,MIGUEL ROJAS,2,2,2,0,0,0,0,0,0,0,0,0,0,0,0,0,0,50.0,50.0,0.0,0.0,0.0,0.0,0.0,0.0,-0.031,0.0
349,TREVOR RICHARDS,1,1,1,0,0,0,0,0,0,0,0,0,0,0,0,0,0,0.0,100.0,0.0,0.0,0.0,0.0,0.0,0.0,-0.031,0.0
350,EDUARDO ESCOBAR,3,10,10,0,0,0,0,0,0,0,2,0,0,0,0,0,1,25.0,62.5,0.0,12.5,0.0,0.0,0.0,0.0,-0.032,0.0
351,GARRETT COOPER,2,3,3,0,0,0,0,0,0,0,1,0,0,0,0,0,0,0.0,50.0,50.0,0.0,0.0,0.0,0.0,0.0,-0.032,0.0
352,JT RIDDLE,1,3,3,0,0,0,0,0,0,0,2,0,0,0,0,0,0,0.0,100.0,0.0,0.0,0.0,0.0,0.0,0.0,-0.033,0.0
353,RAIMEL TAPIA,3,3,3,0,0,0,0,0,0,0,2,0,0,0,0,0,0,0.0,100.0,0.0,0.0,0.0,0.0,0.0,0.0,-0.042,0.0
354,BRIAN ANDERSON,3,7,6,0,0,0,0,0,0,0,3,1,0,0,0,0,2,0.0,100.0,0.0,0.0,0.0,0.0,0.143,0.0,-0.044,0.14285714285714285
355,TYLER ANDERSON,1,2,2,0,0,0,0,0,0,0,1,0,0,0,0,0,0,0.0,0.0,0.0,100.0,0.0,0.0,0.0,0.0,-0.056,0.0
356,PETER BOURJOS,2,4,4,0,0,0,0,0,0,0,2,0,0,0,0,0,1,50.0,50.0,0.0,0.0,0.0,0.0,0.0,0.0,-0.09,0.0
357,EDUARDO NUNEZ,2,3,3,0,0,0,0,0,0,0,0,0,0,0,0,0,1,0.0,33.33,66.67,0.0,0.0,0.0,0.0,0.0,-0.132,0.0
358,CHRISTIAN VAZQUEZ,1,1,1,0,0,0,0,0,0,0,0,0,0,0,0,0,1,0.0,100.0,0.0,0.0,0.0,0.0,0.0,0.0,-0.342,0.0
