,NAME,G_LEFT_batter_Std,PA_LEFT_batter_Std,AB_LEFT_batter_Std,R_LEFT_batter_Std,H_LEFT_batter_Std,1B_LEFT_batter_Std,2B_LEFT_batter_Std,3B_LEFT_batter_Std,HR_LEFT_batter_Std,TB_LEFT_batter_Std,SO_LEFT_batter_Std,BB_LEFT_batter_Std,HBP_LEFT_batter_Std,SF_LEFT_batter_Std,SH_LEFT_batter_Std,RBI_LEFT_batter_Std,DP_LEFT_batter_Std,FB%_LEFT_batter_Std,GB%_LEFT_batter_Std,LD%_LEFT_batter_Std,POP%_LEFT_batter_Std,ISO_LEFT_batter_Std,AVG_LEFT_batter_Std,OBP_LEFT_batter_Std,SLG_LEFT_batter_Std,TAV_LEFT_batter_Std,BASES_VS_AB_LEFT_batter_Std
0,JT RIDDLE,1,1,1,1,1,0,0,0,1,4,0,0,0,0,0,1,0,100.0,0.0,0.0,0.0,3.0,1.0,1.0,4.0,1.987,4.0
1,CHRISTIAN YELICH,1,1,1,1,1,0,0,0,1,4,0,0,0,0,0,1,0,100.0,0.0,0.0,0.0,3.0,1.0,1.0,4.0,1.771,4.0
2,BRYCE HARPER,1,1,1,1,1,0,0,0,1,4,0,0,0,0,0,1,0,100.0,0.0,0.0,0.0,3.0,1.0,1.0,4.0,1.707,4.0
3,DAVID DAHL,1,1,1,0,1,0,0,1,0,3,0,0,0,0,0,0,0,0.0,0.0,100.0,0.0,2.0,1.0,1.0,3.0,1.556,3.0
4,GREG BIRD,1,1,1,1,1,0,0,0,1,4,0,0,0,0,0,1,0,100.0,0.0,0.0,0.0,3.0,1.0,1.0,4.0,1.421,4.0
5,RYAN MCMAHON,1,1,1,1,1,0,1,0,0,2,0,0,0,0,0,0,0,0.0,0.0,100.0,0.0,1.0,1.0,1.0,2.0,1.197,2.0
6,TROY TULOWITZKI,2,2,2,1,2,0,1,0,1,6,0,0,0,0,0,1,0,50.0,0.0,50.0,0.0,2.0,1.0,1.0,3.0,1.147,3.0
7,BYRON BUXTON,1,1,1,0,1,0,1,0,0,2,0,0,0,0,0,0,0,100.0,0.0,0.0,0.0,1.0,1.0,1.0,2.0,0.95,2.0
8,A.J. POLLOCK,1,4,3,1,3,2,0,0,1,6,0,1,0,0,0,3,0,33.33,33.33,33.33,0.0,1.0,1.0,1.0,2.0,0.923,1.75
9,DJ LEMAHIEU,1,1,1,0,1,0,1,0,0,2,0,0,0,0,0,0,0,0.0,0.0,100.0,0.0,1.0,1.0,1.0,2.0,0.874,2.0
10,TIM BECKHAM,2,6,5,2,3,1,0,0,2,9,1,1,0,0,0,4,0,50.0,25.0,25.0,0.0,1.2,0.6,0.667,1.8,0.84,1.6666666666666667
11,EDWIN ENCARNACION,2,5,5,2,3,2,0,0,1,6,0,0,0,0,0,1,0,20.0,60.0,20.0,0.0,0.6,0.6,0.6,1.2,0.822,1.2
12,SAM TRAVIS,1,2,2,0,2,2,0,0,0,2,0,0,0,0,0,0,0,0.0,100.0,0.0,0.0,0.0,1.0,1.0,1.0,0.792,1.0
13,CHAD WALLACH,1,4,3,1,2,1,1,0,0,3,1,1,0,0,0,0,0,50.0,0.0,50.0,0.0,0.333,0.667,0.75,1.0,0.721,1.0
14,BRAD MILLER,1,1,1,0,1,1,0,0,0,1,0,0,0,0,0,0,0,0.0,0.0,100.0,0.0,0.0,1.0,1.0,1.0,0.682,1.0
15,ELVIS ANDRUS,2,5,5,1,4,3,0,0,1,7,0,0,0,0,0,2,0,20.0,60.0,20.0,0.0,0.6,0.8,0.8,1.4,0.675,1.4
16,JOSE ALTUVE,1,4,4,1,2,0,1,0,1,6,0,0,0,0,0,1,0,25.0,25.0,50.0,0.0,1.0,0.5,0.5,1.5,0.671,1.5
17,JAVIER BAEZ,2,3,2,1,1,0,0,0,1,4,0,1,0,0,0,1,0,50.0,50.0,0.0,0.0,1.5,0.5,0.667,2.0,0.648,1.6666666666666667
18,KOLTEN WONG,2,2,1,0,1,1,0,0,0,1,0,1,0,0,0,0,0,0.0,100.0,0.0,0.0,0.0,1.0,1.0,1.0,0.645,1.0
19,TRAVIS SHAW,1,1,0,0,0,0,0,0,0,0,0,0,1,0,0,0,0,0.0,0.0,0.0,0.0,0.0,0.0,1.0,0.0,0.624,0.0
20,DAN VOGELBACH,1,1,0,0,0,0,0,0,0,0,0,0,1,0,0,0,0,0.0,0.0,0.0,0.0,0.0,0.0,1.0,0.0,0.62,0.0
21,WIL MYERS,3,6,5,1,3,2,0,0,1,6,1,1,0,0,0,2,0,25.0,25.0,50.0,0.0,0.6,0.6,0.667,1.2,0.607,1.1666666666666667
22,CHARLIE BLACKMON,2,2,2,0,1,0,1,0,0,2,0,0,0,0,0,1,0,0.0,50.0,50.0,0.0,0.5,0.5,0.5,1.0,0.583,1.0
23,NIKO GOODRUM,1,1,0,0,0,0,0,0,0,0,0,1,0,0,0,0,0,0.0,0.0,0.0,0.0,0.0,0.0,1.0,0.0,0.578,1.0
24,HANSER ALBERTO,1,1,1,0,1,1,0,0,0,1,0,0,0,0,0,0,0,0.0,100.0,0.0,0.0,0.0,1.0,1.0,1.0,0.571,1.0
25,J.D. MARTINEZ,2,6,6,1,3,2,0,0,1,6,1,0,0,0,0,2,0,40.0,20.0,40.0,0.0,0.5,0.5,0.5,1.0,0.569,1.0
26,AARON JUDGE,2,2,1,0,1,1,0,0,0,1,0,1,0,0,0,0,0,0.0,0.0,100.0,0.0,0.0,1.0,1.0,1.0,0.569,1.0
27,FREDDY GALVIS,2,4,4,1,3,2,1,0,0,4,0,0,0,0,0,2,0,50.0,25.0,25.0,0.0,0.25,0.75,0.75,1.0,0.567,1.0
28,PETE ALONSO,1,1,0,0,0,0,0,0,0,0,0,1,0,0,0,0,0,0.0,0.0,0.0,0.0,0.0,0.0,1.0,0.0,0.544,1.0
29,DAVID FREITAS,1,2,0,1,0,0,0,0,0,0,0,1,0,1,0,1,0,100.0,0.0,0.0,0.0,0.0,0.0,0.5,0.0,0.526,0.5
30,MICHAEL BRANTLEY,3,6,6,1,3,2,0,0,1,6,1,0,0,0,0,1,0,20.0,40.0,20.0,20.0,0.5,0.5,0.5,1.0,0.52,1.0
31,NICK AHMED,1,2,2,0,1,0,1,0,0,2,0,0,0,0,0,0,0,0.0,0.0,100.0,0.0,0.5,0.5,0.5,1.0,0.516,1.0
32,MARTIN MALDONADO,2,3,3,0,1,1,0,0,0,1,1,0,0,0,0,0,0,0.0,100.0,0.0,0.0,0.0,0.333,0.333,0.333,0.51,0.3333333333333333
33,CEDRIC MULLINS,1,1,0,0,0,0,0,0,0,0,0,1,0,0,0,0,0,0.0,0.0,0.0,0.0,0.0,0.0,1.0,0.0,0.503,1.0
34,CHRISTIAN VAZQUEZ,3,7,7,3,3,1,1,0,1,7,1,0,0,0,0,2,0,50.0,0.0,33.33,16.67,0.571,0.429,0.429,1.0,0.498,1.0
35,PABLO SANDOVAL,2,2,2,0,1,0,1,0,0,2,1,0,0,0,0,0,0,100.0,0.0,0.0,0.0,0.5,0.5,0.5,1.0,0.495,1.0
36,XANDER BOGAERTS,2,6,6,1,2,0,1,0,1,6,1,0,0,0,0,1,0,20.0,60.0,20.0,0.0,0.667,0.333,0.333,1.0,0.491,1.0
37,FERNANDO TATIS JR.,3,6,5,1,3,2,1,0,0,4,1,1,0,0,0,0,0,25.0,75.0,0.0,0.0,0.2,0.6,0.667,0.8,0.49,0.8333333333333334
38,CHAD PINDER,2,6,6,1,3,1,2,0,0,5,1,0,0,0,0,0,0,40.0,20.0,40.0,0.0,0.333,0.5,0.5,0.833,0.484,0.8333333333333334
39,MIGUEL ROJAS,2,8,7,1,3,1,2,0,0,5,0,1,0,0,0,3,0,14.29,57.14,28.57,0.0,0.286,0.429,0.5,0.714,0.482,0.75
40,KYLE SCHWARBER,2,2,2,0,1,0,1,0,0,2,0,0,0,0,0,0,0,100.0,0.0,0.0,0.0,0.5,0.5,0.5,1.0,0.447,1.0
41,MARCUS SEMIEN,2,8,7,0,4,4,0,0,0,4,0,1,0,0,0,2,0,0.0,57.14,28.57,14.29,0.0,0.571,0.625,0.571,0.442,0.625
42,GERARDO PARRA,2,5,3,0,1,0,1,0,0,2,0,1,1,0,0,0,0,0.0,66.67,33.33,0.0,0.333,0.333,0.6,0.667,0.438,0.6
43,JORGE SOLER,2,4,4,0,2,1,1,0,0,3,2,0,0,0,0,3,0,50.0,50.0,0.0,0.0,0.25,0.5,0.5,0.75,0.435,0.75
44,DWIGHT SMITH,1,3,3,0,2,2,0,0,0,2,1,0,0,0,0,1,0,0.0,100.0,0.0,0.0,0.0,0.667,0.667,0.667,0.427,0.6666666666666666
45,EDUARDO ESCOBAR,2,4,4,0,2,1,1,0,0,3,2,0,0,0,0,0,0,0.0,50.0,50.0,0.0,0.25,0.5,0.5,0.75,0.422,0.75
46,NELSON CRUZ,1,1,0,0,0,0,0,0,0,0,0,1,0,0,0,0,0,0.0,0.0,0.0,0.0,0.0,0.0,1.0,0.0,0.417,1.0
47,JAY BRUCE,3,6,5,2,1,0,0,0,1,4,2,1,0,0,0,3,0,66.67,0.0,0.0,33.33,0.6,0.2,0.333,0.8,0.407,0.8333333333333334
48,RYON HEALY,3,7,6,2,2,0,2,0,0,4,2,1,0,0,0,1,0,50.0,0.0,50.0,0.0,0.333,0.333,0.429,0.667,0.401,0.7142857142857143
49,JONATHAN LUCROY,1,2,2,0,1,1,0,0,0,1,0,0,0,0,0,0,0,0.0,50.0,50.0,0.0,0.0,0.5,0.5,0.5,0.396,0.5
50,BEN ZOBRIST,2,3,2,2,1,1,0,0,0,1,0,1,0,0,0,0,0,0.0,50.0,50.0,0.0,0.0,0.5,0.667,0.5,0.396,0.6666666666666666
51,ADALBERTO MONDESI,2,4,3,1,1,0,0,1,0,3,2,0,0,0,1,0,0,0.0,50.0,50.0,0.0,0.667,0.333,0.333,1.0,0.396,0.75
52,RUSSELL MARTIN,1,3,1,1,0,0,0,0,0,0,1,2,0,0,0,0,0,0.0,0.0,0.0,0.0,0.0,0.0,0.667,0.0,0.388,0.6666666666666666
53,YULIESKI GURRIEL,3,6,5,0,2,1,1,0,0,3,0,1,0,0,0,0,0,0.0,60.0,40.0,0.0,0.2,0.4,0.5,0.6,0.385,0.6666666666666666
54,DANNY JANSEN,1,2,2,0,1,1,0,0,0,1,0,0,0,0,0,0,0,50.0,50.0,0.0,0.0,0.0,0.5,0.5,0.5,0.383,0.5
55,PABLO LOPEZ,1,2,2,0,1,1,0,0,0,1,0,0,0,0,0,0,0,0.0,50.0,50.0,0.0,0.0,0.5,0.5,0.5,0.38,0.5
56,IAN KINSLER,3,7,7,3,2,0,1,0,1,6,1,0,0,0,0,1,0,16.67,16.67,33.33,33.33,0.571,0.286,0.286,0.857,0.376,0.8571428571428571
57,ALEX GORDON,2,4,1,2,0,0,0,0,0,0,0,1,1,1,0,1,0,100.0,0.0,0.0,0.0,0.0,0.0,0.5,0.0,0.375,0.25
58,ROBINSON CHIRINOS,3,6,4,1,1,0,1,0,0,2,1,2,0,0,0,0,0,0.0,33.33,33.33,33.33,0.25,0.25,0.5,0.5,0.367,0.6666666666666666
59,MIKE TROUT,1,3,3,0,1,0,1,0,0,2,0,0,0,0,0,0,0,0.0,33.33,33.33,33.33,0.333,0.333,0.333,0.667,0.364,0.6666666666666666
60,MADISON BUMGARNER,1,2,2,0,1,1,0,0,0,1,0,0,0,0,0,0,0,50.0,0.0,50.0,0.0,0.0,0.5,0.5,0.5,0.356,0.5
61,ROUGNED ODOR,2,6,5,1,2,1,1,0,0,3,2,1,0,0,0,0,0,0.0,0.0,100.0,0.0,0.2,0.4,0.5,0.6,0.345,0.6666666666666666
62,GEORGE SPRINGER,1,5,5,1,1,0,0,0,1,4,2,0,0,0,0,3,0,33.33,0.0,0.0,66.67,0.6,0.2,0.2,0.8,0.344,0.8
63,NOMAR MAZARA,2,6,5,1,1,0,0,0,1,4,1,1,0,0,0,2,0,25.0,50.0,25.0,0.0,0.6,0.2,0.333,0.8,0.344,0.8333333333333334
64,BRANDON CRAWFORD,3,5,5,0,2,1,1,0,0,3,1,0,0,0,0,0,0,0.0,75.0,25.0,0.0,0.2,0.4,0.4,0.6,0.341,0.6
65,MALLEX SMITH,2,4,4,1,1,0,0,1,0,3,1,0,0,0,0,0,0,33.33,33.33,33.33,0.0,0.5,0.25,0.25,0.75,0.341,0.75
66,RAFAEL DEVERS,3,7,7,1,1,1,0,0,0,1,2,0,0,0,0,0,0,0.0,60.0,40.0,0.0,0.0,0.143,0.143,0.143,0.338,0.14285714285714285
67,ADAM JONES,2,5,5,1,1,0,0,0,1,4,2,0,0,0,0,1,0,66.67,33.33,0.0,0.0,0.6,0.2,0.2,0.8,0.337,0.8
68,MITCH HANIGER,3,6,4,1,1,1,0,0,0,1,2,1,1,0,0,0,0,0.0,100.0,0.0,0.0,0.0,0.25,0.5,0.25,0.333,0.3333333333333333
69,STEVEN DUGGAR,3,9,8,0,3,2,1,0,0,4,3,0,1,0,0,0,0,20.0,40.0,40.0,0.0,0.125,0.375,0.444,0.5,0.333,0.4444444444444444
70,STEPHEN PISCOTTY,2,7,6,1,1,0,0,0,1,4,2,1,0,0,0,1,0,75.0,25.0,0.0,0.0,0.5,0.167,0.286,0.667,0.33,0.7142857142857143
71,KHRIS DAVIS,2,7,6,1,1,0,0,0,1,4,1,1,0,0,0,2,0,40.0,20.0,20.0,20.0,0.5,0.167,0.286,0.667,0.329,0.7142857142857143
72,ENRIQUE HERNANDEZ,1,4,3,1,1,1,0,0,0,1,1,1,0,0,0,0,0,0.0,0.0,50.0,50.0,0.0,0.333,0.5,0.333,0.329,0.5
73,DEE GORDON,5,7,7,1,3,3,0,0,0,3,1,0,0,0,0,1,0,16.67,50.0,33.33,0.0,0.0,0.429,0.429,0.429,0.322,0.42857142857142855
74,MARK ZAGUNIS,1,2,2,0,1,0,1,0,0,2,0,0,0,0,0,1,1,0.0,100.0,0.0,0.0,0.5,0.5,0.5,1.0,0.321,1.0
75,ERIC HOSMER,3,7,6,1,2,1,1,0,0,3,1,1,0,0,0,2,0,0.0,60.0,40.0,0.0,0.167,0.333,0.429,0.5,0.321,0.5714285714285714
76,JUSTIN SMOAK,2,6,5,1,2,2,0,0,0,2,1,1,0,0,0,2,0,25.0,50.0,25.0,0.0,0.0,0.4,0.5,0.4,0.321,0.5
77,ANTHONY RIZZO,2,5,2,0,0,0,0,0,0,0,0,3,0,0,0,1,0,0.0,50.0,50.0,0.0,0.0,0.0,0.6,0.0,0.32,0.6
78,JACK FLAHERTY,1,1,0,0,0,0,0,0,0,0,0,0,0,0,1,0,0,0.0,100.0,0.0,0.0,0.0,0.0,0.0,0.0,0.31,0.0
79,TEOSCAR HERNANDEZ,2,4,3,1,1,1,0,0,0,1,1,1,0,0,0,1,0,0.0,100.0,0.0,0.0,0.0,0.333,0.5,0.333,0.309,0.5
80,YONDER ALONSO,2,2,1,0,0,0,0,0,0,0,0,1,0,0,0,0,0,0.0,0.0,0.0,100.0,0.0,0.0,0.5,0.0,0.309,0.5
81,JASON HEYWARD,2,4,4,1,2,2,0,0,0,2,0,0,0,0,0,1,0,25.0,50.0,25.0,0.0,0.0,0.5,0.5,0.5,0.306,0.5
82,ELOY JIMENEZ,2,2,1,0,0,0,0,0,0,0,1,0,1,0,0,1,0,0.0,0.0,0.0,0.0,0.0,0.0,0.5,0.0,0.301,0.0
83,ROSS STRIPLING,1,2,0,0,0,0,0,0,0,0,0,0,0,0,2,0,0,0.0,100.0,0.0,0.0,0.0,0.0,0.0,0.0,0.298,0.0
84,EDUARDO NUNEZ,3,6,6,2,1,0,1,0,0,2,2,0,0,0,0,0,0,0.0,50.0,25.0,25.0,0.167,0.167,0.167,0.333,0.297,0.3333333333333333
85,JUSTIN BOUR,2,4,2,0,0,0,0,0,0,0,2,2,0,0,0,1,0,0.0,0.0,0.0,0.0,0.0,0.0,0.5,0.0,0.294,0.5
86,EVAN LONGORIA,3,7,6,1,2,2,0,0,0,2,1,1,0,0,0,0,0,20.0,20.0,40.0,20.0,0.0,0.333,0.429,0.333,0.292,0.42857142857142855
87,JORGE POLANCO,2,2,1,0,0,0,0,0,0,0,0,0,1,0,0,0,0,0.0,0.0,100.0,0.0,0.0,0.0,0.5,0.0,0.287,0.0
88,TOM MURPHY,1,2,1,0,0,0,0,0,0,0,1,1,0,0,0,0,0,0.0,0.0,0.0,0.0,0.0,0.0,0.5,0.0,0.284,0.5
89,MATT CHAPMAN,2,8,6,1,1,0,1,0,0,2,1,2,0,0,0,0,0,40.0,60.0,0.0,0.0,0.167,0.167,0.375,0.333,0.277,0.5
90,EDDIE ROSARIO,2,2,1,0,0,0,0,0,0,0,0,1,0,0,0,0,0,0.0,0.0,0.0,100.0,0.0,0.0,0.5,0.0,0.276,0.5
91,DAVID BOTE,1,2,1,1,0,0,0,0,0,0,0,0,1,0,0,0,0,0.0,100.0,0.0,0.0,0.0,0.0,0.5,0.0,0.271,0.0
92,ERIK KRATZ,1,2,1,0,0,0,0,0,0,0,0,1,0,0,0,0,0,0.0,100.0,0.0,0.0,0.0,0.0,0.5,0.0,0.271,0.5
93,MOOKIE BETTS,3,9,9,1,2,2,0,0,0,2,1,0,0,0,0,0,0,37.5,25.0,25.0,12.5,0.0,0.222,0.222,0.222,0.264,0.2222222222222222
94,ASDRUBAL CABRERA,2,6,6,1,2,1,1,0,0,3,1,0,0,0,0,0,0,0.0,40.0,40.0,20.0,0.167,0.333,0.333,0.5,0.263,0.5
95,JURICKSON PROFAR,2,7,7,1,2,1,1,0,0,3,2,0,0,0,0,0,0,0.0,60.0,0.0,40.0,0.143,0.286,0.286,0.429,0.262,0.42857142857142855
96,JAKE MARISNICK,2,5,4,1,1,1,0,0,0,1,2,1,0,0,0,0,0,50.0,0.0,50.0,0.0,0.0,0.25,0.4,0.25,0.26,0.4
97,ROBINSON CANO,2,3,3,0,1,1,0,0,0,1,1,0,0,0,0,1,0,0.0,50.0,50.0,0.0,0.0,0.333,0.333,0.333,0.251,0.3333333333333333
98,BILLY HAMILTON,2,3,3,0,1,1,0,0,0,1,0,0,0,0,0,0,0,0.0,0.0,33.33,66.67,0.0,0.333,0.333,0.333,0.251,0.3333333333333333
99,MARTIN PRADO,2,6,6,2,2,2,0,0,0,2,0,0,0,0,0,0,0,16.67,50.0,16.67,16.67,0.0,0.333,0.333,0.333,0.251,0.3333333333333333
100,ALBERT PUJOLS,1,3,3,0,1,1,0,0,0,1,0,0,0,0,0,0,0,33.33,66.67,0.0,0.0,0.0,0.333,0.333,0.333,0.247,0.3333333333333333
101,CURTIS GRANDERSON,2,5,4,0,1,1,0,0,0,1,0,0,0,1,0,2,0,60.0,40.0,0.0,0.0,0.0,0.25,0.2,0.25,0.246,0.2
102,TYLER WHITE,3,6,6,0,2,2,0,0,0,2,2,0,0,0,0,0,0,0.0,75.0,25.0,0.0,0.0,0.333,0.333,0.333,0.246,0.3333333333333333
103,ISIAH KINER-FALEFA,1,2,1,0,0,0,0,0,0,0,1,1,0,0,0,0,0,0.0,0.0,0.0,0.0,0.0,0.0,0.5,0.0,0.245,0.5
104,BRANDON DRURY,2,5,5,0,1,0,0,1,0,3,3,0,0,0,0,0,0,50.0,50.0,0.0,0.0,0.4,0.2,0.2,0.6,0.242,0.6
105,MATT OLSON,2,6,5,1,1,1,0,0,0,1,0,1,0,0,0,0,0,20.0,60.0,20.0,0.0,0.0,0.2,0.333,0.2,0.237,0.3333333333333333
106,WHIT MERRIFIELD,1,3,3,2,1,1,0,0,0,1,0,0,0,0,0,0,0,33.33,0.0,66.67,0.0,0.0,0.333,0.333,0.333,0.237,0.3333333333333333
107,ANDREW BENINTENDI,3,10,7,1,1,1,0,0,0,1,1,2,0,1,0,2,0,42.86,28.57,14.29,14.29,0.0,0.143,0.3,0.143,0.236,0.3
108,MICHAEL CONFORTO,2,3,3,0,1,1,0,0,0,1,0,0,0,0,0,0,0,0.0,33.33,33.33,33.33,0.0,0.333,0.333,0.333,0.235,0.3333333333333333
109,FRANK SCHWINDEL,1,3,3,0,0,0,0,0,0,0,0,0,0,0,0,0,0,0.0,33.33,0.0,66.67,0.0,0.0,0.0,0.0,0.233,0.0
110,JESUS SUCRE,2,3,3,1,1,1,0,0,0,1,0,0,0,0,0,0,0,0.0,100.0,0.0,0.0,0.0,0.333,0.333,0.333,0.225,0.3333333333333333
111,SHIN-SOO CHOO,1,3,3,0,1,1,0,0,0,1,2,0,0,0,0,2,0,0.0,100.0,0.0,0.0,0.0,0.333,0.333,0.333,0.224,0.3333333333333333
112,RICHIE MARTIN,2,3,3,1,1,1,0,0,0,1,0,0,0,0,0,0,0,66.67,0.0,0.0,33.33,0.0,0.333,0.333,0.333,0.217,0.3333333333333333
113,DOMINGO SANTANA,2,5,5,1,1,0,1,0,0,2,2,0,0,0,0,2,0,33.33,33.33,33.33,0.0,0.2,0.2,0.2,0.4,0.215,0.4
114,RICHARD URENA,1,1,0,0,0,0,0,0,0,0,0,0,0,0,1,0,0,0.0,100.0,0.0,0.0,0.0,0.0,0.0,0.0,0.213,0.0
115,GARRETT COOPER,2,4,4,0,0,0,0,0,0,0,0,0,0,0,0,0,0,25.0,50.0,0.0,25.0,0.0,0.0,0.0,0.0,0.213,0.0
116,JORGE ALFARO,1,3,2,0,0,0,0,0,0,0,1,0,1,0,0,0,0,0.0,100.0,0.0,0.0,0.0,0.0,0.333,0.0,0.209,0.0
117,BILLY MCKINNEY,2,3,3,1,1,1,0,0,0,1,1,0,0,0,0,0,0,0.0,50.0,0.0,50.0,0.0,0.333,0.333,0.333,0.209,0.3333333333333333
118,LUKE MAILE,1,3,2,1,0,0,0,0,0,0,1,1,0,0,0,0,0,0.0,100.0,0.0,0.0,0.0,0.0,0.333,0.0,0.197,0.3333333333333333
119,MITCH MORELAND,1,3,2,0,0,0,0,0,0,0,0,1,0,0,0,0,0,0.0,100.0,0.0,0.0,0.0,0.0,0.333,0.0,0.194,0.3333333333333333
120,JOEY RICKARD,2,3,2,0,0,0,0,0,0,0,2,1,0,0,0,0,0,0.0,0.0,0.0,0.0,0.0,0.0,0.333,0.0,0.193,0.3333333333333333
121,ZACK COZART,1,3,2,0,0,0,0,0,0,0,0,1,0,0,0,0,0,0.0,50.0,50.0,0.0,0.0,0.0,0.333,0.0,0.193,0.3333333333333333
122,RONALD GUZMAN,2,5,5,1,1,0,1,0,0,2,2,0,0,0,0,0,0,0.0,33.33,66.67,0.0,0.2,0.2,0.2,0.4,0.191,0.4
123,DAVID FREESE,1,3,2,0,0,0,0,0,0,0,2,1,0,0,0,0,0,0.0,0.0,0.0,0.0,0.0,0.0,0.333,0.0,0.19,0.3333333333333333
124,BRANDON BELT,2,7,6,0,1,1,0,0,0,1,1,0,1,0,0,0,0,0.0,0.0,60.0,40.0,0.0,0.167,0.286,0.167,0.189,0.14285714285714285
125,HUNTER DOZIER,2,3,2,0,0,0,0,0,0,0,1,1,0,0,0,0,0,0.0,100.0,0.0,0.0,0.0,0.0,0.333,0.0,0.188,0.3333333333333333
126,JONATHAN VILLAR,2,4,4,0,1,1,0,0,0,1,0,0,0,0,0,0,0,0.0,25.0,25.0,50.0,0.0,0.25,0.25,0.25,0.179,0.25
127,LEWIS BRINSON,2,6,6,2,1,0,1,0,0,2,1,0,0,0,0,0,0,0.0,60.0,40.0,0.0,0.167,0.167,0.167,0.333,0.173,0.3333333333333333
128,MANUEL MARGOT,2,5,5,1,1,1,0,0,0,1,1,0,0,0,0,2,0,50.0,25.0,25.0,0.0,0.0,0.2,0.2,0.2,0.158,0.2
129,COREY SEAGER,1,4,3,0,0,0,0,0,0,0,2,1,0,0,0,0,0,0.0,100.0,0.0,0.0,0.0,0.0,0.25,0.0,0.152,0.25
130,CODY BELLINGER,1,3,3,0,1,1,0,0,0,1,1,0,0,0,0,0,1,0.0,50.0,50.0,0.0,0.0,0.333,0.333,0.333,0.14,0.3333333333333333
131,JOEY GALLO,2,5,4,0,0,0,0,0,0,0,2,1,0,0,0,0,0,50.0,50.0,0.0,0.0,0.0,0.0,0.2,0.0,0.134,0.2
132,RANDAL GRICHUK,2,5,4,1,0,0,0,0,0,0,2,1,0,0,0,0,0,50.0,50.0,0.0,0.0,0.0,0.0,0.2,0.0,0.129,0.2
133,YANGERVIS SOLARTE,2,6,6,0,1,1,0,0,0,1,0,0,0,0,0,0,0,0.0,66.67,33.33,0.0,0.0,0.167,0.167,0.167,0.128,0.16666666666666666
134,JOE PANIK,2,6,6,0,1,1,0,0,0,1,0,0,0,0,0,1,0,50.0,16.67,16.67,16.67,0.0,0.167,0.167,0.167,0.121,0.16666666666666666
135,BRIAN ANDERSON,2,6,6,0,1,1,0,0,0,1,2,0,0,0,0,0,0,25.0,25.0,50.0,0.0,0.0,0.167,0.167,0.167,0.114,0.16666666666666666
136,STARLIN CASTRO,2,6,6,0,1,1,0,0,0,1,2,0,0,0,0,0,0,0.0,75.0,25.0,0.0,0.0,0.167,0.167,0.167,0.114,0.16666666666666666
137,DELINO DESHIELDS,2,5,4,0,0,0,0,0,0,0,1,1,0,0,0,0,0,66.67,0.0,0.0,33.33,0.0,0.0,0.2,0.0,0.111,0.2
138,RAMON LAUREANO,2,7,7,0,1,1,0,0,0,1,4,0,0,0,0,0,0,0.0,0.0,66.67,33.33,0.0,0.143,0.143,0.143,0.102,0.14285714285714285
139,MANNY MACHADO,3,6,6,0,1,1,0,0,0,1,4,0,0,0,0,0,1,0.0,100.0,0.0,0.0,0.0,0.167,0.167,0.167,0.083,0.16666666666666666
140,ROSELL HERRERA,3,8,8,0,1,1,0,0,0,1,0,0,0,0,0,1,0,12.5,62.5,25.0,0.0,0.0,0.125,0.125,0.125,0.079,0.125
141,DYLAN MOORE,2,3,2,0,0,0,0,0,0,0,1,1,0,0,0,0,1,0.0,100.0,0.0,0.0,0.0,0.0,0.333,0.0,0.07,0.3333333333333333
142,AUSTIN HEDGES,2,4,3,0,0,0,0,0,0,0,1,0,1,0,0,0,1,100.0,0.0,0.0,0.0,0.0,0.0,0.25,0.0,0.069,0.0
143,CHRISTIN STEWART,1,1,1,0,0,0,0,0,0,0,0,0,0,0,0,0,0,0.0,100.0,0.0,0.0,0.0,0.0,0.0,0.0,0.069,0.0
144,DEREK HOLLAND,1,1,1,0,0,0,0,0,0,0,1,0,0,0,0,0,0,0.0,0.0,0.0,0.0,0.0,0.0,0.0,0.0,0.056,0.0
145,JEIMER CANDELARIO,1,1,1,0,0,0,0,0,0,0,1,0,0,0,0,0,0,0.0,0.0,0.0,0.0,0.0,0.0,0.0,0.0,0.049,0.0
146,JACKIE BRADLEY,3,7,7,0,1,1,0,0,0,1,4,0,0,0,0,0,1,33.33,66.67,0.0,0.0,0.0,0.143,0.143,0.143,0.048,0.14285714285714285
147,CONNOR JOE,3,7,6,0,0,0,0,0,0,0,3,1,0,0,0,0,1,0.0,100.0,0.0,0.0,0.0,0.0,0.143,0.0,0.048,0.14285714285714285
148,MAX MOROFF,1,1,1,0,0,0,0,0,0,0,0,0,0,0,0,0,0,0.0,100.0,0.0,0.0,0.0,0.0,0.0,0.0,0.048,0.0
149,RIO RUIZ,1,2,2,0,0,0,0,0,0,0,1,0,0,0,0,0,0,0.0,100.0,0.0,0.0,0.0,0.0,0.0,0.0,0.045,0.0
150,DREW JACKSON,2,3,3,0,0,0,0,0,0,0,1,0,0,0,0,0,0,0.0,100.0,0.0,0.0,0.0,0.0,0.0,0.0,0.038,0.0
151,ADAM FRAZIER,1,2,2,0,0,0,0,0,0,0,1,0,0,0,0,0,0,100.0,0.0,0.0,0.0,0.0,0.0,0.0,0.0,0.035,0.0
152,LEONYS MARTIN,2,2,2,0,0,0,0,0,0,0,1,0,0,0,0,0,0,100.0,0.0,0.0,0.0,0.0,0.0,0.0,0.0,0.035,0.0
153,JORDAN LUPLOW,2,2,2,0,0,0,0,0,0,0,2,0,0,0,0,0,0,0.0,0.0,0.0,0.0,0.0,0.0,0.0,0.0,0.034,0.0
154,HARRISON BADER,1,1,1,0,0,0,0,0,0,0,0,0,0,0,0,0,0,0.0,0.0,100.0,0.0,0.0,0.0,0.0,0.0,0.033,0.0
155,KEVIN PILLAR,2,3,3,0,0,0,0,0,0,0,0,0,0,0,0,0,0,0.0,33.33,0.0,66.67,0.0,0.0,0.0,0.0,0.033,0.0
156,DANIEL DESCALSO,1,1,1,0,0,0,0,0,0,0,0,0,0,0,0,0,0,100.0,0.0,0.0,0.0,0.0,0.0,0.0,0.0,0.023,0.0
157,HUNTER PENCE,1,3,3,1,0,0,0,0,0,0,0,0,0,0,0,0,0,33.33,66.67,0.0,0.0,0.0,0.0,0.0,0.0,0.023,0.0
158,JEFF MATHIS,1,2,2,0,0,0,0,0,0,0,1,0,0,0,0,0,0,0.0,0.0,0.0,100.0,0.0,0.0,0.0,0.0,0.022,0.0
159,KRIS BRYANT,2,4,4,0,0,0,0,0,0,0,0,0,0,0,0,1,0,25.0,75.0,0.0,0.0,0.0,0.0,0.0,0.0,0.022,0.0
160,WILLSON CONTRERAS,2,3,3,0,0,0,0,0,0,0,2,0,0,0,0,0,0,0.0,100.0,0.0,0.0,0.0,0.0,0.0,0.0,0.022,0.0
161,LOURDES GURRIEL,1,2,2,0,0,0,0,0,0,0,2,0,0,0,0,0,0,0.0,0.0,0.0,0.0,0.0,0.0,0.0,0.0,0.021,0.0
162,GIANCARLO STANTON,1,1,1,0,0,0,0,0,0,0,1,0,0,0,0,0,0,0.0,0.0,0.0,0.0,0.0,0.0,0.0,0.0,0.021,0.0
163,GLEYBER TORRES,1,1,1,0,0,0,0,0,0,0,1,0,0,0,0,0,0,0.0,0.0,0.0,0.0,0.0,0.0,0.0,0.0,0.021,0.0
164,TREY MANCINI,2,4,4,0,0,0,0,0,0,0,1,0,0,0,0,0,0,33.33,66.67,0.0,0.0,0.0,0.0,0.0,0.0,0.02,0.0
165,MATT CARPENTER,2,2,2,0,0,0,0,0,0,0,0,0,0,0,0,0,0,50.0,50.0,0.0,0.0,0.0,0.0,0.0,0.0,0.019,0.0
166,JOC PEDERSON,1,1,1,0,0,0,0,0,0,0,0,0,0,0,0,0,0,0.0,0.0,100.0,0.0,0.0,0.0,0.0,0.0,0.016,0.0
167,BRETT GARDNER,2,2,2,0,0,0,0,0,0,0,0,0,0,0,0,0,0,0.0,50.0,50.0,0.0,0.0,0.0,0.0,0.0,0.015,0.0
168,WILMER FLORES,1,3,3,0,0,0,0,0,0,0,2,0,0,0,0,0,0,0.0,0.0,0.0,100.0,0.0,0.0,0.0,0.0,0.015,0.0
169,JUSTIN TURNER,1,3,3,0,0,0,0,0,0,0,3,0,0,0,0,0,0,0.0,0.0,0.0,0.0,0.0,0.0,0.0,0.0,0.014,0.0
170,DANIEL PALKA,2,3,3,0,0,0,0,0,0,0,0,0,0,0,0,1,0,0.0,33.33,0.0,66.67,0.0,0.0,0.0,0.0,0.014,0.0
171,ALBERT ALMORA,1,4,4,0,0,0,0,0,0,0,3,0,0,0,0,0,0,100.0,0.0,0.0,0.0,0.0,0.0,0.0,0.0,0.013,0.0
172,JOSE MARTINEZ,2,2,2,0,0,0,0,0,0,0,0,0,0,0,0,0,0,100.0,0.0,0.0,0.0,0.0,0.0,0.0,0.0,0.011,0.0
173,MICHAEL REED,3,6,6,0,0,0,0,0,0,0,4,0,0,0,0,0,0,50.0,0.0,0.0,50.0,0.0,0.0,0.0,0.0,0.011,0.0
174,C.J. CRON,1,1,1,0,0,0,0,0,0,0,0,0,0,0,0,0,0,100.0,0.0,0.0,0.0,0.0,0.0,0.0,0.0,0.01,0.0
175,JOSE RAMIREZ,2,2,2,0,0,0,0,0,0,0,0,0,0,0,0,0,0,100.0,0.0,0.0,0.0,0.0,0.0,0.0,0.0,0.01,0.0
176,MARWIN GONZALEZ,1,1,1,0,0,0,0,0,0,0,0,0,0,0,0,0,0,100.0,0.0,0.0,0.0,0.0,0.0,0.0,0.0,0.01,0.0
177,ADAM EATON,1,1,1,0,0,0,0,0,0,0,0,0,0,0,0,0,0,100.0,0.0,0.0,0.0,0.0,0.0,0.0,0.0,0.009,0.0
178,JAKE NOLL,1,1,1,0,0,0,0,0,0,0,0,0,0,0,0,0,0,0.0,100.0,0.0,0.0,0.0,0.0,0.0,0.0,0.009,0.0
179,VICTOR ROBLES,1,1,1,0,0,0,0,0,0,0,0,0,0,0,0,0,0,100.0,0.0,0.0,0.0,0.0,0.0,0.0,0.0,0.009,0.0
180,GREG ALLEN,1,1,1,0,0,0,0,0,0,0,1,0,0,0,0,0,0,0.0,0.0,0.0,0.0,0.0,0.0,0.0,0.0,0.008,0.0
181,ROBERTO PEREZ,1,1,1,0,0,0,0,0,0,0,1,0,0,0,0,0,0,0.0,0.0,0.0,0.0,0.0,0.0,0.0,0.0,0.008,0.0
182,MELKY CABRERA,1,1,1,0,0,0,0,0,0,0,0,0,0,0,0,0,0,0.0,100.0,0.0,0.0,0.0,0.0,0.0,0.0,0.007,0.0
183,BRANDON NIMMO,1,1,1,0,0,0,0,0,0,0,1,0,0,0,0,0,0,0.0,0.0,0.0,0.0,0.0,0.0,0.0,0.0,0.007,0.0
184,JOSH PHEGLEY,1,3,3,0,0,0,0,0,0,0,0,0,0,0,0,0,0,0.0,33.33,33.33,33.33,0.0,0.0,0.0,0.0,0.005,0.0
185,HUNTER RENFROE,1,1,1,0,0,0,0,0,0,0,0,0,0,0,0,0,0,0.0,100.0,0.0,0.0,0.0,0.0,0.0,0.0,0.003,0.0
186,ERIC LAUER,1,2,2,0,0,0,0,0,0,0,1,0,0,0,0,0,0,100.0,0.0,0.0,0.0,0.0,0.0,0.0,0.0,0.002,0.0
187,FRANMIL REYES,3,6,6,0,0,0,0,0,0,0,3,0,0,0,0,0,0,33.33,0.0,66.67,0.0,0.0,0.0,0.0,0.0,0.002,0.0
188,JOEY LUCCHESI,1,2,2,0,0,0,0,0,0,0,1,0,0,0,0,0,0,0.0,100.0,0.0,0.0,0.0,0.0,0.0,0.0,0.002,0.0
189,NEIL WALKER,1,1,1,0,0,0,0,0,0,0,0,0,0,0,0,0,0,100.0,0.0,0.0,0.0,0.0,0.0,0.0,0.0,0.002,0.0
190,DERECK RODRIGUEZ,1,2,2,0,0,0,0,0,0,0,2,0,0,0,0,0,0,0.0,0.0,0.0,0.0,0.0,0.0,0.0,0.0,0.001,0.0
191,FRANCISCO MEJIA,1,1,1,0,0,0,0,0,0,0,1,0,0,0,0,0,0,0.0,0.0,0.0,0.0,0.0,0.0,0.0,0.0,0.001,0.0
192,KOLE CALHOUN,1,2,2,0,0,0,0,0,0,0,0,0,0,0,0,0,0,0.0,100.0,0.0,0.0,0.0,0.0,0.0,0.0,0.001,0.0
193,BUSTER POSEY,3,8,8,0,0,0,0,0,0,0,1,0,0,0,0,0,0,28.57,71.43,0.0,0.0,0.0,0.0,0.0,0.0,0.0,0.0
194,JOSH REDDICK,2,2,2,0,0,0,0,0,0,0,0,0,0,0,0,0,0,0.0,50.0,50.0,0.0,0.0,0.0,0.0,0.0,-0.001,0.0
195,ALEDMYS DIAZ,1,4,4,0,0,0,0,0,0,0,1,0,0,0,0,0,0,33.33,33.33,0.0,33.33,0.0,0.0,0.0,0.0,-0.001,0.0
196,MAX KEPLER,2,2,2,0,0,0,0,0,0,0,1,0,0,0,0,0,0,0.0,100.0,0.0,0.0,0.0,0.0,0.0,0.0,-0.001,0.0
197,TONY KEMP,1,1,1,0,0,0,0,0,0,0,1,0,0,0,0,0,0,0.0,0.0,0.0,0.0,0.0,0.0,0.0,0.0,-0.003,0.0
198,CHRIS TAYLOR,1,2,2,0,0,0,0,0,0,0,0,0,0,0,0,0,0,50.0,0.0,0.0,50.0,0.0,0.0,0.0,0.0,-0.004,0.0
199,CHRISTIAN WALKER,1,2,2,0,0,0,0,0,0,0,0,0,0,0,0,0,0,50.0,50.0,0.0,0.0,0.0,0.0,0.0,0.0,-0.004,0.0
200,ZACK GREINKE,1,1,1,0,0,0,0,0,0,0,0,0,0,0,0,0,0,0.0,100.0,0.0,0.0,0.0,0.0,0.0,0.0,-0.004,0.0
201,ANDREW MCCUTCHEN,2,2,2,0,0,0,0,0,0,0,0,0,0,0,0,0,0,0.0,50.0,50.0,0.0,0.0,0.0,0.0,0.0,-0.005,0.0
202,CESAR HERNANDEZ,1,1,1,0,0,0,0,0,0,0,0,0,0,0,0,0,0,100.0,0.0,0.0,0.0,0.0,0.0,0.0,0.0,-0.005,0.0
203,ENDER INCIARTE,1,1,1,0,0,0,0,0,0,0,0,0,0,0,0,0,0,0.0,100.0,0.0,0.0,0.0,0.0,0.0,0.0,-0.005,0.0
204,MAIKEL FRANCO,2,2,2,0,0,0,0,0,0,0,0,0,0,0,0,0,0,0.0,50.0,0.0,50.0,0.0,0.0,0.0,0.0,-0.005,0.0
205,NICK MARKAKIS,1,1,1,0,0,0,0,0,0,0,0,0,0,0,0,0,0,0.0,100.0,0.0,0.0,0.0,0.0,0.0,0.0,-0.005,0.0
206,ODUBEL HERRERA,1,1,1,0,0,0,0,0,0,0,0,0,0,0,0,0,0,0.0,100.0,0.0,0.0,0.0,0.0,0.0,0.0,-0.005,0.0
207,SCOTT KINGERY,1,1,1,0,0,0,0,0,0,0,0,0,0,0,0,0,0,0.0,100.0,0.0,0.0,0.0,0.0,0.0,0.0,-0.005,0.0
208,DAVID PERALTA,2,5,5,0,0,0,0,0,0,0,2,0,0,0,0,0,0,0.0,33.33,33.33,33.33,0.0,0.0,0.0,0.0,-0.005,0.0
209,JOHN RYAN MURPHY,1,2,2,0,0,0,0,0,0,0,1,0,0,0,0,0,0,0.0,0.0,0.0,100.0,0.0,0.0,0.0,0.0,-0.005,0.0
210,KETEL MARTE,1,2,2,0,0,0,0,0,0,0,1,0,0,0,0,0,0,0.0,100.0,0.0,0.0,0.0,0.0,0.0,0.0,-0.005,0.0
211,MARK CANHA,1,1,1,0,0,0,0,0,0,0,0,0,0,0,0,0,0,0.0,100.0,0.0,0.0,0.0,0.0,0.0,0.0,-0.006,0.0
212,MATTHEW KOCH,1,1,1,0,0,0,0,0,0,0,1,0,0,0,0,0,0,0.0,0.0,0.0,0.0,0.0,0.0,0.0,0.0,-0.006,0.0
213,MAX MUNCY,1,1,1,0,0,0,0,0,0,0,1,0,0,0,0,0,0,0.0,0.0,0.0,0.0,0.0,0.0,0.0,0.0,-0.006,0.0
214,AARON ALTHERR,1,1,1,0,0,0,0,0,0,0,1,0,0,0,0,0,0,0.0,0.0,0.0,0.0,0.0,0.0,0.0,0.0,-0.007,0.0
215,JEAN SEGURA,1,1,1,0,0,0,0,0,0,0,1,0,0,0,0,0,0,0.0,0.0,0.0,0.0,0.0,0.0,0.0,0.0,-0.007,0.0
216,ALEX BREGMAN,1,4,4,0,0,0,0,0,0,0,1,0,0,0,0,0,0,66.67,0.0,33.33,0.0,0.0,0.0,0.0,0.0,-0.007,0.0
217,ANDRELTON SIMMONS,1,3,3,0,0,0,0,0,0,0,0,0,0,0,0,0,0,33.33,66.67,0.0,0.0,0.0,0.0,0.0,0.0,-0.007,0.0
218,CHRIS OWINGS,2,4,4,0,0,0,0,0,0,0,2,0,0,0,0,0,0,0.0,50.0,50.0,0.0,0.0,0.0,0.0,0.0,-0.008,0.0
219,DAVID FLETCHER,1,2,2,0,0,0,0,0,0,0,0,0,0,0,0,0,0,0.0,50.0,50.0,0.0,0.0,0.0,0.0,0.0,-0.009,0.0
220,RYAN BRAUN,1,1,1,0,0,0,0,0,0,0,0,0,0,0,0,0,0,100.0,0.0,0.0,0.0,0.0,0.0,0.0,0.0,-0.011,0.0
221,YADIER MOLINA,1,1,1,0,0,0,0,0,0,0,0,0,0,0,0,0,0,100.0,0.0,0.0,0.0,0.0,0.0,0.0,0.0,-0.011,0.0
222,ROBBIE GROSSMAN,1,1,1,0,0,0,0,0,0,0,1,0,0,0,0,0,0,0.0,0.0,0.0,0.0,0.0,0.0,0.0,0.0,-0.011,0.0
223,PETER BOURJOS,1,2,2,0,0,0,0,0,0,0,2,0,0,0,0,0,0,0.0,0.0,0.0,0.0,0.0,0.0,0.0,0.0,-0.012,0.0
224,DEXTER FOWLER,2,2,2,0,0,0,0,0,0,0,2,0,0,0,0,0,0,0.0,0.0,0.0,0.0,0.0,0.0,0.0,0.0,-0.013,0.0
225,MARCELL OZUNA,1,1,1,0,0,0,0,0,0,0,1,0,0,0,0,0,0,0.0,0.0,0.0,0.0,0.0,0.0,0.0,0.0,-0.013,0.0
226,PAUL DEJONG,1,1,1,0,0,0,0,0,0,0,1,0,0,0,0,0,0,0.0,0.0,0.0,0.0,0.0,0.0,0.0,0.0,-0.013,0.0
227,PAUL GOLDSCHMIDT,1,1,1,0,0,0,0,0,0,0,1,0,0,0,0,0,0,0.0,0.0,0.0,0.0,0.0,0.0,0.0,0.0,-0.013,0.0
228,TYLER O'NEILL,1,1,1,0,0,0,0,0,0,0,1,0,0,0,0,0,0,0.0,0.0,0.0,0.0,0.0,0.0,0.0,0.0,-0.013,0.0
229,YAIRO MUNOZ,1,1,1,0,0,0,0,0,0,0,1,0,0,0,0,0,0,0.0,0.0,0.0,0.0,0.0,0.0,0.0,0.0,-0.013,0.0
230,GARRETT HAMPSON,1,1,1,0,0,0,0,0,0,0,0,0,0,0,0,0,0,0.0,0.0,0.0,100.0,0.0,0.0,0.0,0.0,-0.027,0.0
231,RYAN O'HEARN,1,2,2,0,0,0,0,0,0,0,0,0,0,0,0,0,0,0.0,100.0,0.0,0.0,0.0,0.0,0.0,0.0,-0.03,0.0
232,DANIEL MURPHY,1,1,1,0,0,0,0,0,0,0,0,0,0,0,0,0,0,0.0,100.0,0.0,0.0,0.0,0.0,0.0,0.0,-0.031,0.0
233,JOSE URENA,1,1,1,0,0,0,0,0,0,0,1,0,0,0,0,0,0,0.0,0.0,0.0,0.0,0.0,0.0,0.0,0.0,-0.034,0.0
234,MARK REYNOLDS,1,1,1,0,0,0,0,0,0,0,1,0,0,0,0,0,0,0.0,0.0,0.0,0.0,0.0,0.0,0.0,0.0,-0.034,0.0
235,RENATO NUNEZ,2,3,3,0,0,0,0,0,0,0,0,0,0,0,0,0,1,0.0,66.67,33.33,0.0,0.0,0.0,0.0,0.0,-0.047,0.0
236,TONY WOLTERS,1,1,1,0,0,0,0,0,0,0,0,0,0,0,0,0,0,0.0,0.0,100.0,0.0,0.0,0.0,0.0,0.0,-0.058,0.0
237,JESUS AGUILAR,1,1,1,0,0,0,0,0,0,0,0,0,0,0,0,0,1,0.0,100.0,0.0,0.0,0.0,0.0,0.0,0.0,-0.337,0.0
238,NICK HUNDLEY,1,2,2,0,0,0,0,0,0,0,0,0,0,0,0,0,2,0.0,100.0,0.0,0.0,0.0,0.0,0.0,0.0,-0.383,0.0
