,PA,AB,R,H,1B,2B,3B,HR,TB,BB,SO,RBI,DP,SB,AVG,OBP,SLG,OPS,ISO,BPF,oppOPS,TAv,VORP,FRAA,BWARP_TAv,BASES_VS_AB,G_RIGHTbatter_Std,PA_RIGHTbatter_Std,R_RIGHTbatter_Std,H_RIGHTbatter_Std,1B_RIGHTbatter_Std,2B_RIGHTbatter_Std,3B_RIGHTbatter_Std,HR_RIGHTbatter_Std,TB_RIGHTbatter_Std,SO_RIGHTbatter_Std,BB_RIGHTbatter_Std,HBP_RIGHTbatter_Std,SF_RIGHTbatter_Std,SH_RIGHTbatter_Std,RBI_RIGHTbatter_Std,DP_RIGHTbatter_Std,FB%_RIGHTbatter_Std,GB%_RIGHTbatter_Std,LD%_RIGHTbatter_Std,POP%_RIGHTbatter_Std,ISO_RIGHTbatter_Std,AVG_RIGHTbatter_Std,OBP_RIGHTbatter_Std,SLG_RIGHTbatter_Std,TAV_RIGHTbatter_Std,BASES_VS_AB_RIGHTbatter_Std,G_LEFT_batter_Std,PA_LEFT_batter_Std,R_LEFT_batter_Std,H_LEFT_batter_Std,1B_LEFT_batter_Std,2B_LEFT_batter_Std,3B_LEFT_batter_Std,HR_LEFT_batter_Std,TB_LEFT_batter_Std,SO_LEFT_batter_Std,BB_LEFT_batter_Std,HBP_LEFT_batter_Std,SF_LEFT_batter_Std,SH_LEFT_batter_Std,RBI_LEFT_batter_Std,DP_LEFT_batter_Std,FB%_LEFT_batter_Std,GB%_LEFT_batter_Std,LD%_LEFT_batter_Std,POP%_LEFT_batter_Std,ISO_LEFT_batter_Std,AVG_LEFT_batter_Std,OBP_LEFT_batter_Std,SLG_LEFT_batter_Std,TAV_LEFT_batter_Std,BASES_VS_AB_LEFT_batter_Std,SDTHB_BAT,SDTHB_BATR,SDTHB_BATL
SEA,483.22222222222223,437.44444444444446,52.0,108.44444444444444,69.88888888888889,19.444444444444443,2.111111111111111,17.0,183.11111111111111,36.22222222222222,100.11111111111111,59.888888888888886,10.444444444444445,5.222222222222222,0.24466666666666667,0.31244444444444447,0.4146666666666666,0.7267777777777777,0.16966666666666666,97.22222222222223,0.7282222222222223,0.2624444444444445,10.377777777777776,-1.111111111111111,0.958888888888889,0.4514444122013123,115.11111111111111,344.0,38.44444444444444,78.55555555555556,49.44444444444444,14.0,1.5555555555555556,13.555555555555555,136.33333333333334,70.33333333333333,24.444444444444443,3.111111111111111,2.5555555555555554,0.8888888888888888,44.44444444444444,8.0,26.573333333333338,40.76111111111111,25.065555555555555,7.6000000000000005,0.18322222222222223,0.24955555555555556,0.3115555555555556,0.43288888888888893,0.26733333333333337,0.46535857990576346,63.888888888888886,139.22222222222223,13.555555555555555,29.88888888888889,20.444444444444443,5.444444444444445,0.5555555555555556,3.4444444444444446,46.77777777777778,29.77777777777778,11.777777777777779,1.6666666666666667,0.5555555555555556,0.5555555555555556,15.444444444444445,3.5555555555555554,21.307777777777776,48.375555555555565,22.793333333333337,7.517777777777777,0.12344444444444444,0.21911111111111115,0.313,0.34244444444444444,0.247,0.4052308257741687,0.4514444122013123,0.46535857990576346,0.4052308257741687
TBA,288.7368421052632,256.10526315789474,32.8421052631579,65.78947368421052,44.78947368421053,12.631578947368421,1.7894736842105263,6.578947368421052,101.73684210526316,24.42105263157895,63.73684210526316,29.842105263157894,5.842105263157895,6.157894736842105,0.23794736842105263,0.30605263157894735,0.3693157894736842,0.6754210526315788,0.13147368421052633,98.78947368421052,0.7548947368421053,0.24484210526315786,9.189473684210528,0.8684210526315791,1.0410526315789472,0.41083053379130696,77.84210526315789,234.3684210526316,26.473684210526315,53.89473684210526,36.526315789473685,10.421052631578947,1.5789473684210527,5.368421052631579,83.57894736842105,50.89473684210526,19.157894736842106,3.5789473684210527,1.894736842105263,0.8947368421052632,23.63157894736842,5.947368421052632,18.403157894736847,45.673157894736846,24.405263157894737,6.255789473684212,0.1166315789473684,0.23357894736842108,0.30447368421052634,0.35026315789473683,0.23731578947368417,0.3957929199860299,42.78947368421053,88.57894736842105,9.736842105263158,20.157894736842106,13.473684210526315,4.0,0.631578947368421,2.0526315789473686,31.57894736842105,20.31578947368421,7.578947368421052,1.4210526315789473,0.8421052631578947,0.3684210526315789,9.736842105263158,2.263157894736842,20.729473684210525,46.14157894736842,21.212105263157895,6.655263157894735,0.13952631578947366,0.2347894736842105,0.2997894736842105,0.37426315789473685,0.24547368421052634,0.41171854350572773,0.41083053379130696,0.3957929199860299,0.41171854350572773
MIA,195.40740740740742,175.92592592592592,19.185185185185187,42.111111111111114,30.14814814814815,7.2592592592592595,0.7037037037037037,4.0,62.77777777777778,14.74074074074074,44.48148148148148,17.703703703703702,3.962962962962963,1.4074074074074074,0.17577777777777778,0.23374074074074075,0.23396296296296296,0.46770370370370373,0.05803703703703705,88.70370370370371,0.7154074074074075,0.1882222222222222,5.7185185185185174,-0.7333333333333334,0.5148148148148148,0.27313163596850504,53.51851851851852,149.14814814814815,15.296296296296296,32.74074074074074,23.555555555555557,5.444444444444445,0.48148148148148145,3.259259259259259,48.925925925925924,34.407407407407405,10.666666666666666,2.037037037037037,0.7777777777777778,0.7037037037037037,14.0,3.5925925925925926,12.207777777777777,60.54148148148148,18.70074074074074,4.847407407407407,0.06055555555555556,0.1592222222222222,0.21722222222222223,0.2197777777777778,0.18262962962962967,0.26119368650276126,26.814814814814813,51.77777777777778,4.555555555555555,10.592592592592593,7.518518518518518,2.0,0.25925925925925924,0.8148148148148148,15.555555555555555,11.296296296296296,4.444444444444445,0.6296296296296297,0.2962962962962963,0.2222222222222222,4.185185185185185,1.4814814814814814,12.02925925925926,51.06037037037037,20.28666666666666,9.215925925925925,0.051111111111111114,0.2114814814814815,0.2582962962962963,0.26251851851851854,0.1931111111111111,0.29322732959004344,0.27313163596850504,0.26119368650276126,0.29322732959004344
NYA,270.54545454545456,238.27272727272728,36.40909090909091,59.0,34.90909090909091,11.909090909090908,1.0,11.181818181818182,106.45454545454545,26.59090909090909,61.0,35.27272727272727,4.681818181818182,2.772727272727273,0.1992272727272727,0.26122727272727275,0.3395909090909091,0.6008636363636364,0.14045454545454544,106.27272727272727,0.7356818181818183,0.2117272727272728,9.309090909090909,1.2136363636363636,1.089090909090909,0.37625239131630567,67.0,207.5,28.40909090909091,45.40909090909091,27.272727272727273,9.136363636363637,0.7272727272727273,8.272727272727273,80.81818181818181,46.86363636363637,19.818181818181817,2.1363636363636362,2.227272727272727,0.2727272727272727,27.5,4.2727272727272725,26.455000000000005,40.824999999999996,20.727272727272727,11.992272727272727,0.1464090909090909,0.2012272727272727,0.2659090909090909,0.3476818181818182,0.21954545454545452,0.38484990632429084,37.36363636363637,76.45454545454545,9.590909090909092,16.40909090909091,9.181818181818182,3.3636363636363638,0.2727272727272727,3.590909090909091,31.09090909090909,17.863636363636363,7.863636363636363,0.5454545454545454,0.5454545454545454,0.18181818181818182,9.590909090909092,1.4545454545454546,24.634090909090904,39.67136363636363,24.030909090909088,7.117272727272726,0.15599999999999997,0.19172727272727272,0.2543636363636364,0.3477272727272727,0.2044545454545455,0.38585444445062206,0.37625239131630567,0.38484990632429084,0.38585444445062206
BAL,224.30434782608697,205.34782608695653,22.73913043478261,48.78260869565217,31.956521739130434,9.0,0.6086956521739131,7.217391304347826,80.65217391304348,15.26086956521739,52.391304347826086,22.347826086956523,5.304347826086956,2.260869565217391,0.19191304347826085,0.24599999999999997,0.30947826086956526,0.5554782608695651,0.1175217391304348,104.08695652173913,0.7098695652173914,0.1984782608695652,1.3347826086956522,-0.6086956521739131,0.07391304347826091,0.34382341949079204,59.95652173913044,172.04347826086956,18.304347826086957,37.47826086956522,23.91304347826087,7.434782608695652,0.391304347826087,5.739130434782608,62.91304347826087,41.608695652173914,11.347826086956522,1.7391304347826086,0.9130434782608695,0.34782608695652173,18.304347826086957,4.130434782608695,18.92478260869565,47.029565217391294,19.59086956521739,5.760869565217392,0.1176086956521739,0.19217391304347825,0.256695652173913,0.3099565217391304,0.20434782608695648,0.35503789996763774,31.782608695652176,72.43478260869566,6.695652173913044,15.73913043478261,10.869565217391305,2.347826086956522,0.30434782608695654,2.217391304347826,25.347826086956523,15.391304347826088,5.521739130434782,0.43478260869565216,0.5217391304347826,0.043478260869565216,6.782608695652174,2.1739130434782608,16.577391304347827,50.35956521739131,22.930434782608696,5.785652173913043,0.10713043478260871,0.17356521739130434,0.23386956521739133,0.2807391304347826,0.18573913043478257,0.32443173980190704,0.34382341949079204,0.35503789996763774,0.32443173980190704
ANA,234.27272727272728,208.3181818181818,28.59090909090909,50.77272727272727,31.681818181818183,9.454545454545455,0.8636363636363636,8.772727272727273,88.27272727272727,21.318181818181817,50.5,27.136363636363637,4.181818181818182,3.5,0.22595454545454546,0.29218181818181815,0.38413636363636366,0.6763636363636363,0.1581818181818182,99.36363636363636,0.7312727272727273,0.2464090909090909,8.19090909090909,0.7090909090909092,0.9231818181818183,0.4188430906564916,58.18181818181818,175.54545454545453,23.363636363636363,39.68181818181818,24.5,7.454545454545454,0.6818181818181818,7.045454545454546,69.63636363636364,37.59090909090909,15.454545454545455,1.9545454545454546,1.2272727272727273,0.13636363636363635,22.181818181818183,4.136363636363637,22.474999999999998,46.63454545454545,17.98,8.364090909090908,0.1441818181818182,0.18231818181818185,0.25595454545454543,0.3263636363636363,0.21445454545454543,0.37606453752213637,33.54545454545455,70.95454545454545,6.7727272727272725,13.727272727272727,9.090909090909092,2.4545454545454546,0.22727272727272727,1.9545454545454546,22.5,15.272727272727273,6.5,0.8181818181818182,0.5,0.045454545454545456,6.2272727272727275,1.5,26.332272727272724,42.56772727272727,21.138181818181813,5.417727272727273,0.23490909090909093,0.21531818181818185,0.27540909090909094,0.4502727272727272,0.2626818181818182,0.48695024358669253,0.4188430906564916,0.37606453752213637,0.48695024358669253
OAK,318.42105263157896,284.3157894736842,41.36842105263158,71.47368421052632,42.26315789473684,16.42105263157895,0.8947368421052632,11.894736842105264,125.36842105263158,27.789473684210527,70.47368421052632,39.94736842105263,7.052631578947368,1.8421052631578947,0.2250526315789474,0.2802631578947368,0.379157894736842,0.6595263157894738,0.15410526315789475,97.36842105263158,0.7342105263157894,0.23610526315789473,13.384210526315787,0.23157894736842116,1.4099999999999997,0.40968234954047106,74.84210526315789,221.78947368421052,29.736842105263158,50.1578947368421,29.68421052631579,11.157894736842104,0.7368421052631579,8.578947368421053,88.52631578947368,48.473684210526315,18.789473684210527,2.789473684210526,1.6842105263157894,0.2631578947368421,28.789473684210527,5.631578947368421,21.21105263157895,38.44,22.095789473684214,7.72578947368421,0.1583684210526316,0.2125263157894737,0.2677368421052632,0.3711578947368421,0.22763157894736843,0.4007131388819214,43.89473684210526,96.63157894736842,11.631578947368421,21.31578947368421,12.578947368421053,5.2631578947368425,0.15789473684210525,3.3157894736842106,36.8421052631579,22.0,9.0,0.9473684210526315,0.5789473684210527,0.05263157894736842,11.157894736842104,2.3684210526315788,22.074210526315788,41.61000000000001,18.68842105263158,7.101052631578947,0.13578947368421054,0.20705263157894738,0.26142105263157894,0.3427368421052632,0.22347368421052635,0.373093917216424,0.40968234954047106,0.4007131388819214,0.373093917216424
TOR,263.77272727272725,237.63636363636363,30.818181818181817,58.13636363636363,33.95454545454545,13.954545454545455,0.6818181818181818,9.545454545454545,102.0909090909091,21.818181818181817,59.68181818181818,29.954545454545453,5.181818181818182,1.9090909090909092,0.2368181818181819,0.30404545454545456,0.4018636363636364,0.706090909090909,0.1651818181818182,105.63636363636364,0.7259090909090911,0.2502272727272727,6.15,0.18181818181818185,0.6563636363636363,0.44468803211452296,68.0909090909091,196.63636363636363,23.818181818181817,43.77272727272727,25.40909090909091,10.727272727272727,0.5,7.136363636363637,76.9090909090909,44.36363636363637,17.454545454545453,2.0,1.1818181818181819,0.13636363636363635,22.90909090909091,4.590909090909091,23.877727272727274,44.29181818181818,25.10545454545455,6.7250000000000005,0.16995454545454544,0.24418181818181817,0.31059090909090914,0.4141363636363636,0.2590909090909091,0.4542193306348361,39.09090909090909,79.81818181818181,8.772727272727273,17.136363636363637,10.136363636363637,3.772727272727273,0.2727272727272727,2.9545454545454546,30.318181818181817,17.454545454545453,6.363636363636363,0.7272727272727273,0.5454545454545454,0.09090909090909091,8.681818181818182,2.0,23.75409090909091,44.73681818181818,24.139999999999997,7.368636363636364,0.14909090909090905,0.21068181818181814,0.2866818181818182,0.3599545454545454,0.23272727272727273,0.41013438053160933,0.44468803211452296,0.4542193306348361,0.41013438053160933
KCA,266.94736842105266,241.73684210526315,27.263157894736842,59.1578947368421,39.21052631578947,12.473684210526315,1.0,6.473684210526316,93.05263157894737,19.05263157894737,55.05263157894737,26.263157894736842,6.0,4.2105263157894735,0.2305263157894737,0.2847368421052631,0.35642105263157897,0.6413157894736842,0.126,102.3157894736842,0.7374210526315791,0.22789473684210526,3.0210526315789474,-0.9421052631578947,0.2157894736842105,0.3842087466940259,69.47368421052632,210.42105263157896,23.05263157894737,47.1578947368421,30.842105263157894,9.68421052631579,1.105263157894737,5.526315789473684,75.63157894736842,41.578947368421055,14.052631578947368,2.4210526315789473,1.263157894736842,0.9473684210526315,22.105263157894736,5.2631578947368425,22.26368421052631,41.98157894736842,28.57315789473684,7.182105263157894,0.13384210526315793,0.23399999999999999,0.28515789473684205,0.36773684210526314,0.2314736842105263,0.3990616733476363,41.36842105263158,86.84210526315789,7.842105263157895,18.57894736842105,12.789473684210526,4.052631578947368,0.15789473684210525,1.5789473684210527,27.68421052631579,19.0,7.052631578947368,1.6842105263157894,0.7894736842105263,0.15789473684210525,7.315789473684211,2.4210526315789473,23.33473684210526,44.50210526315789,25.952631578947365,6.211052631578947,0.10136842105263157,0.19821052631578953,0.2733684210526316,0.2995263157894737,0.2174736842105263,0.34890811953118456,0.3842087466940259,0.3990616733476363,0.34890811953118456
TEX,290.3333333333333,256.8095238095238,35.04761904761905,61.904761904761905,39.04761904761905,12.523809523809524,1.1428571428571428,9.19047619047619,104.28571428571429,26.38095238095238,69.61904761904762,33.0,4.809523809523809,3.4761904761904763,0.2040952380952381,0.2642857142857143,0.32623809523809527,0.5906666666666667,0.12214285714285714,107.0,0.7111428571428573,0.20990476190476193,6.2333333333333325,-1.3952380952380954,0.500952380952381,0.3612012184100347,70.9047619047619,205.95238095238096,25.285714285714285,43.80952380952381,27.428571428571427,8.857142857142858,0.6190476190476191,6.904761904761905,74.61904761904762,50.333333333333336,19.238095238095237,3.0952380952380953,1.1904761904761905,1.0,23.761904761904763,3.9047619047619047,21.653809523809525,43.08809523809524,21.582857142857144,8.915238095238095,0.13104761904761905,0.20790476190476193,0.2694285714285714,0.33890476190476193,0.2167619047619048,0.3737497505859414,44.19047619047619,95.85714285714286,11.047619047619047,20.80952380952381,13.333333333333334,4.285714285714286,0.5238095238095238,2.6666666666666665,34.142857142857146,22.19047619047619,7.9523809523809526,1.1904761904761905,0.47619047619047616,0.42857142857142855,10.238095238095237,2.142857142857143,22.200476190476188,52.962857142857146,19.011904761904763,5.825714285714286,0.12228571428571429,0.23685714285714288,0.29352380952380946,0.359095238095238,0.22690476190476194,0.3928480977902268,0.3612012184100347,0.3737497505859414,0.3928480977902268
BOS,330.5,295.3333333333333,46.27777777777778,79.66666666666667,48.0,18.944444444444443,1.6666666666666667,11.055555555555555,135.11111111111111,29.555555555555557,65.94444444444444,43.55555555555556,6.833333333333333,6.555555555555555,0.24283333333333332,0.30516666666666675,0.401,0.7062777777777777,0.1582222222222222,106.38888888888889,0.7347222222222223,0.24833333333333332,13.816666666666666,2.655555555555555,1.7066666666666666,0.44163804619421326,78.88888888888889,248.55555555555554,35.111111111111114,61.22222222222222,35.94444444444444,14.722222222222221,1.3333333333333333,9.222222222222221,106.27777777777777,47.05555555555556,21.77777777777778,2.4444444444444446,2.0,0.2777777777777778,33.333333333333336,6.0,20.1,45.375,28.712222222222223,5.814444444444444,0.1814444444444444,0.25566666666666665,0.31266666666666665,0.43722222222222223,0.2576111111111111,0.4701145849419345,43.55555555555556,81.94444444444444,11.166666666666666,18.444444444444443,12.055555555555555,4.222222222222222,0.3333333333333333,1.8333333333333333,28.833333333333332,18.88888888888889,7.777777777777778,0.3333333333333333,0.4444444444444444,0.1111111111111111,10.222222222222221,1.6111111111111112,18.94888888888889,45.36277777777778,23.886666666666667,6.245555555555556,0.09772222222222221,0.21700000000000003,0.2901666666666667,0.3145555555555556,0.22583333333333336,0.3736231024720545,0.44163804619421326,0.4701145849419345,0.3736231024720545
CHA,284.3333333333333,258.6190476190476,30.761904761904763,62.285714285714285,39.80952380952381,12.047619047619047,1.9047619047619047,8.523809523809524,103.71428571428571,20.0,74.38095238095238,29.857142857142858,4.666666666666667,4.619047619047619,0.2132857142857143,0.25923809523809527,0.3399047619047619,0.598952380952381,0.12657142857142858,102.52380952380952,0.7308571428571429,0.21704761904761904,4.952380952380952,-0.5857142857142857,0.4514285714285715,0.3618387350021881,72.0952380952381,218.33333333333334,24.19047619047619,47.80952380952381,30.285714285714285,8.952380952380953,1.380952380952381,7.190476190476191,81.0952380952381,56.142857142857146,14.619047619047619,2.5238095238095237,1.0476190476190477,0.8095238095238095,23.857142857142858,4.142857142857143,19.92095238095238,44.55238095238095,22.37333333333333,8.39047619047619,0.13004761904761905,0.21009523809523808,0.25495238095238093,0.34023809523809523,0.2146190476190476,0.36146662261623785,37.476190476190474,72.57142857142857,7.142857142857143,15.904761904761905,10.571428571428571,3.238095238095238,0.5238095238095238,1.5714285714285714,24.904761904761905,20.285714285714285,5.809523809523809,0.6190476190476191,0.42857142857142855,0.38095238095238093,6.761904761904762,1.619047619047619,21.83,40.59761904761905,26.72428571428571,6.084761904761905,0.11661904761904764,0.2093809523809524,0.2699047619047619,0.32585714285714285,0.2176190476190476,0.3627669104808515,0.3618387350021881,0.36146662261623785,0.3627669104808515
PHI,247.04347826086956,218.2173913043478,27.304347826086957,51.04347826086956,32.95652173913044,9.26086956521739,1.2173913043478262,7.608695652173913,85.56521739130434,23.565217391304348,61.0,26.217391304347824,4.0,2.869565217391304,0.18869565217391304,0.25404347826086954,0.30134782608695654,0.5553478260869565,0.11278260869565217,96.26086956521739,0.730391304347826,0.21226086956521742,8.621739130434785,-0.4260869565217392,0.8495652173913042,0.34329385208714774,65.26086956521739,186.65217391304347,20.26086956521739,38.608695652173914,24.08695652173913,7.478260869565218,0.9130434782608695,6.130434782608695,66.30434782608695,46.95652173913044,17.434782608695652,1.9130434782608696,1.0434782608695652,0.9130434782608695,19.565217391304348,3.652173913043478,19.312608695652177,50.06173913043479,18.73782608695652,7.539130434782607,0.11726086956521743,0.18478260869565216,0.24930434782608696,0.30208695652173917,0.21052173913043484,0.34351053508184587,34.08695652173913,60.21739130434783,7.0,12.347826086956522,8.782608695652174,1.7826086956521738,0.30434782608695654,1.4782608695652173,19.17391304347826,14.043478260869565,6.130434782608695,0.6521739130434783,0.2608695652173913,0.34782608695652173,6.608695652173913,1.0869565217391304,13.134782608695653,54.90608695652175,22.812608695652177,4.798695652173912,0.0862608695652174,0.1818260869565218,0.2441304347826087,0.2679565217391304,0.19578260869565214,0.3081433862304631,0.34329385208714774,0.34351053508184587,0.3081433862304631
MIN,287.6842105263158,258.1578947368421,35.1578947368421,64.73684210526316,40.473684210526315,15.31578947368421,1.105263157894737,7.842105263157895,105.78947368421052,25.36842105263158,62.1578947368421,32.68421052631579,3.8421052631578947,2.3684210526315788,0.21626315789473688,0.27805263157894733,0.3460526315789474,0.6241578947368421,0.12978947368421054,102.78947368421052,0.7345263157894737,0.22126315789473688,7.23157894736842,-1.0315789473684212,0.6442105263157897,0.38697606579753924,75.47368421052632,222.73684210526315,28.210526315789473,49.526315789473685,29.68421052631579,11.947368421052632,1.0,6.894736842105263,84.15789473684211,46.94736842105263,19.57894736842105,1.2105263157894737,1.5263157894736843,0.5263157894736842,26.57894736842105,4.105263157894737,22.114210526315784,37.12052631578946,27.944210526315793,12.821052631578945,0.13363157894736843,0.21463157894736842,0.2742631578947368,0.3482631578947368,0.22000000000000008,0.3883330251066357,46.36842105263158,91.15789473684211,9.842105263157896,20.63157894736842,14.052631578947368,4.7368421052631575,0.10526315789473684,1.736842105263158,30.789473684210527,20.31578947368421,8.263157894736842,0.6842105263157895,0.6842105263157895,0.2631578947368421,8.842105263157896,1.368421052631579,19.131578947368418,44.27736842105263,26.919473684210526,9.670526315789473,0.09773684210526316,0.19557894736842107,0.27631578947368424,0.29336842105263156,0.21163157894736848,0.35235597017818016,0.38697606579753924,0.3883330251066357,0.35235597017818016
DET,313.5,285.6666666666667,33.166666666666664,69.44444444444444,45.44444444444444,15.11111111111111,1.8333333333333333,7.055555555555555,109.38888888888889,22.5,69.72222222222223,31.055555555555557,5.5,3.7222222222222223,0.21938888888888888,0.27705555555555555,0.33538888888888896,0.6124999999999999,0.11605555555555555,101.38888888888889,0.7332222222222223,0.22344444444444442,4.405555555555556,0.6166666666666667,0.52,0.37551799716784856,77.16666666666667,239.94444444444446,23.944444444444443,51.888888888888886,33.72222222222222,11.222222222222221,1.5,5.444444444444445,82.44444444444444,54.888888888888886,17.055555555555557,2.0,1.7222222222222223,0.4444444444444444,22.77777777777778,5.0,20.608333333333334,42.242222222222225,23.843888888888888,7.750000000000002,0.11783333333333333,0.216,0.2717222222222222,0.33372222222222225,0.22072222222222224,0.37217656539537924,34.888888888888886,74.5,9.38888888888889,17.833333333333332,11.88888888888889,3.888888888888889,0.3333333333333333,1.7222222222222223,27.555555555555557,14.944444444444445,5.5,0.8333333333333334,0.3333333333333333,0.05555555555555555,8.5,1.8888888888888888,18.04,51.376666666666665,22.047222222222217,8.535555555555554,0.11127777777777775,0.2263333333333334,0.29061111111111115,0.3376111111111111,0.22855555555555554,0.38259511200426594,0.37551799716784856,0.37217656539537924,0.38259511200426594
CHN,246.28,217.12,29.24,56.16,37.16,11.2,1.36,6.44,89.4,22.56,53.8,28.24,4.12,2.28,0.23628000000000005,0.28596000000000005,0.3328,0.6188400000000001,0.09648000000000001,99.72,0.7321999999999999,0.22527999999999998,10.840000000000002,0.4600000000000001,1.1712,0.3595555441324805,64.76,187.68,22.12,42.52,28.2,7.96,1.16,5.2,68.4,40.48,17.32,2.48,1.36,1.28,21.44,3.76,15.1932,57.263200000000005,22.588800000000003,4.9548000000000005,0.08780000000000002,0.25611999999999996,0.30196,0.3439999999999999,0.24092,0.36899926293036533,31.56,58.68,7.12,13.64,8.96,3.24,0.2,1.24,21.0,13.32,5.24,0.64,0.36,0.28,6.8,1.32,11.921600000000002,55.1484,21.6104,7.3196,0.10128,0.20592,0.2972,0.30728,0.21983999999999998,0.36440711714234214,0.3595555441324805,0.36899926293036533,0.36440711714234214
NYN,188.66666666666666,167.25925925925927,20.62962962962963,39.111111111111114,24.444444444444443,8.296296296296296,1.0,5.37037037037037,65.51851851851852,16.88888888888889,42.629629629629626,20.037037037037038,3.6666666666666665,2.2222222222222223,0.19211111111111115,0.2473333333333333,0.2947037037037037,0.541925925925926,0.1025925925925926,89.70370370370371,0.7273703703703706,0.20959259259259258,7.818518518518521,-0.5074074074074072,0.7566666666666668,0.33028556433444084,50.851851851851855,143.4814814814815,16.37037037037037,29.74074074074074,18.0,6.518518518518518,0.7407407407407407,4.481481481481482,51.18518518518518,31.185185185185187,13.11111111111111,1.8518518518518519,1.0,0.7407407407407407,15.703703703703704,2.8518518518518516,21.81259259259259,48.8811111111111,22.43148148148148,6.8755555555555565,0.11577777777777777,0.18833333333333335,0.24218518518518517,0.3041111111111111,0.21577777777777776,0.335287430916642,27.962962962962962,53.7037037037037,5.037037037037037,10.88888888888889,7.296296296296297,2.259259259259259,0.25925925925925924,1.0740740740740742,16.88888888888889,13.444444444444445,4.296296296296297,0.4074074074074074,0.4074074074074074,0.2222222222222222,5.0,1.4074074074074074,18.677037037037035,46.21074074074074,21.57444444444444,6.1288888888888895,0.06737037037037037,0.16766666666666663,0.24488888888888882,0.23514814814814816,0.19059259259259262,0.2974698597344126,0.33028556433444084,0.335287430916642,0.2974698597344126
PIT,199.93103448275863,179.20689655172413,23.0,45.62068965517241,29.379310344827587,9.655172413793103,1.3103448275862069,5.275862068965517,73.72413793103448,15.862068965517242,39.96551724137931,22.20689655172414,3.9310344827586206,2.413793103448276,0.17620689655172414,0.22103448275862073,0.27420689655172414,0.495344827586207,0.09796551724137931,96.62068965517241,0.7207586206896552,0.18399999999999997,7.734482758620689,0.24137931034482768,0.8251724137931035,0.29930709527134547,53.689655172413794,146.3448275862069,17.551724137931036,33.758620689655174,22.137931034482758,6.793103448275862,0.9310344827586207,3.896551724137931,54.10344827586207,28.620689655172413,11.620689655172415,1.5517241379310345,1.3448275862068966,0.7931034482758621,16.655172413793103,3.103448275862069,17.231724137931035,52.042758620689646,17.41551724137931,6.412068965517242,0.08937931034482759,0.18324137931034484,0.23206896551724143,0.27255172413793105,0.19165517241379312,0.3030096283232169,29.93103448275862,56.6551724137931,5.862068965517241,12.689655172413794,7.793103448275862,3.0,0.41379310344827586,1.4827586206896552,20.96551724137931,12.275862068965518,4.586206896551724,0.5172413793103449,0.3448275862068966,0.27586206896551724,6.068965517241379,1.7586206896551724,16.43379310344828,48.69172413793103,21.320344827586208,6.657586206896552,0.10986206896551726,0.17413793103448277,0.2257586206896552,0.28389655172413797,0.18203448275862072,0.3129115907319044,0.29930709527134547,0.3030096283232169,0.3129115907319044
MIL,204.8846153846154,182.53846153846155,25.46153846153846,46.65384615384615,30.0,8.5,0.8461538461538461,7.3076923076923075,78.76923076923077,18.192307692307693,47.73076923076923,23.192307692307693,4.153846153846154,4.538461538461538,0.20580769230769225,0.2656153846153846,0.3346538461538462,0.6002692307692308,0.1289230769230769,95.88461538461539,0.7282307692307691,0.22961538461538464,10.96923076923077,-0.08846153846153847,1.1273076923076921,0.36791239590020985,59.76923076923077,168.30769230769232,21.0,38.07692307692308,24.423076923076923,6.730769230769231,0.7692307692307693,6.153846153846154,64.8076923076923,40.84615384615385,15.038461538461538,1.6153846153846154,1.1153846153846154,0.7307692307692307,19.423076923076923,3.6538461538461537,17.469615384615388,55.78923076923077,19.46615384615385,7.2749999999999995,0.13661538461538464,0.22261538461538463,0.2813846153846154,0.35930769230769233,0.24361538461538468,0.38853187761084723,29.653846153846153,57.65384615384615,6.846153846153846,13.115384615384615,8.538461538461538,2.5384615384615383,0.19230769230769232,1.8461538461538463,21.576923076923077,12.615384615384615,5.269230769230769,0.38461538461538464,0.34615384615384615,0.3076923076923077,6.0,1.3846153846153846,17.427692307692304,47.28692307692307,23.331153846153846,8.106538461538461,0.09276923076923077,0.16803846153846155,0.23346153846153844,0.2609230769230769,0.19519230769230772,0.3015142254246446,0.36791239590020985,0.38853187761084723,0.3015142254246446
LAN,208.07142857142858,182.35714285714286,26.5,45.67857142857143,27.25,9.678571428571429,1.0714285714285714,7.678571428571429,80.53571428571429,21.142857142857142,47.285714285714285,24.464285714285715,3.607142857142857,2.3214285714285716,0.20925000000000002,0.2725,0.3303928571428571,0.6028214285714286,0.12089285714285715,99.39285714285714,0.7238928571428572,0.22639285714285715,11.678571428571432,1.1035714285714286,1.3246428571428572,0.3672448998442932,55.964285714285715,144.89285714285714,19.571428571428573,32.642857142857146,19.714285714285715,6.607142857142857,0.7857142857142857,5.535714285714286,57.42857142857143,32.57142857142857,14.892857142857142,1.7142857142857142,0.8928571428571429,0.8214285714285714,17.857142857142858,3.392857142857143,17.67928571428572,54.42071428571429,19.19714285714286,5.131785714285714,0.09775,0.1835357142857143,0.26057142857142856,0.2813928571428571,0.2180714285714286,0.3240380788147855,36.357142857142854,71.96428571428571,7.75,15.035714285714286,9.285714285714286,3.2857142857142856,0.32142857142857145,2.142857142857143,25.392857142857142,16.464285714285715,7.214285714285714,0.39285714285714285,0.42857142857142855,0.5357142857142857,7.25,1.5,19.083928571428572,45.95428571428572,23.29928571428572,4.520357142857144,0.14028571428571426,0.2298214285714286,0.2804642857142858,0.3699285714285714,0.23428571428571437,0.4013938010951065,0.3672448998442932,0.3240380788147855,0.4013938010951065
COL,250.41666666666666,225.04166666666666,31.958333333333332,57.75,36.0,11.416666666666666,1.7083333333333333,8.625,98.45833333333333,20.083333333333332,56.25,30.75,4.75,3.8333333333333335,0.21162500000000004,0.26104166666666667,0.3329166666666667,0.5939166666666668,0.12116666666666669,111.625,0.7121666666666666,0.20862500000000003,8.229166666666666,1.0999999999999999,0.9662499999999999,0.3571643137619542,63.166666666666664,170.79166666666666,21.458333333333332,38.25,23.75,7.791666666666667,1.0833333333333333,5.625,65.08333333333333,39.416666666666664,14.125,1.1666666666666667,1.0833333333333333,1.0833333333333333,20.75,3.5416666666666665,17.687083333333334,56.665833333333325,19.770416666666662,5.8741666666666665,0.12150000000000001,0.2061666666666667,0.2531666666666667,0.32779166666666665,0.20316666666666663,0.3478741074075036,37.833333333333336,79.5,10.5,19.5,12.25,3.625,0.625,3.0,33.375,16.833333333333332,5.958333333333333,0.9166666666666666,0.4583333333333333,0.5833333333333334,10.0,2.2083333333333335,14.597916666666665,56.94291666666666,23.00083333333333,5.457916666666667,0.12108333333333333,0.23016666666666666,0.28387500000000004,0.35120833333333334,0.22520833333333334,0.38303166227792457,0.3571643137619542,0.3478741074075036,0.38303166227792457
CIN,208.30769230769232,183.80769230769232,23.884615384615383,47.42307692307692,32.46153846153846,8.346153846153847,0.8846153846153846,5.730769230769231,74.73076923076923,19.46153846153846,44.38461538461539,22.73076923076923,4.076923076923077,2.6923076923076925,0.17253846153846153,0.2412692307692308,0.2691538461538462,0.5105384615384614,0.09657692307692309,100.46153846153847,0.7187692307692308,0.2037307692307693,7.938461538461539,-0.37307692307692303,0.7842307692307691,0.31648727619047273,57.26923076923077,162.46153846153845,18.53846153846154,36.46153846153846,24.615384615384617,6.769230769230769,0.7307692307692307,4.346153846153846,57.73076923076923,34.23076923076923,14.884615384615385,1.7692307692307692,1.1153846153846154,1.0384615384615385,17.576923076923077,3.576923076923077,16.646153846153847,55.98153846153846,18.727692307692312,4.798076923076923,0.09769230769230772,0.17403846153846156,0.24984615384615388,0.27184615384615385,0.2153076923076923,0.3266162143110979,33.23076923076923,67.46153846153847,7.423076923076923,15.192307692307692,10.73076923076923,2.423076923076923,0.2692307692307692,1.7692307692307692,23.46153846153846,14.346153846153847,6.3076923076923075,0.6153846153846154,0.15384615384615385,0.6923076923076923,7.0,1.8076923076923077,15.098846153846155,60.155,16.575384615384614,4.324615384615385,0.11988461538461538,0.1837692307692308,0.24900000000000008,0.3036153846153847,0.2025384615384615,0.3368203902757477,0.31648727619047273,0.3266162143110979,0.3368203902757477
ATL,225.44444444444446,201.37037037037038,27.59259259259259,52.333333333333336,33.333333333333336,11.481481481481481,1.0740740740740742,6.444444444444445,85.29629629629629,18.40740740740741,45.74074074074074,26.444444444444443,3.5555555555555554,3.3333333333333335,0.17803703703703705,0.22714814814814815,0.2862962962962963,0.5134074074074073,0.1082222222222222,95.29629629629629,0.7359259259259259,0.20181481481481486,11.574074074074074,0.6296296296296297,1.2644444444444445,0.3133282148257506,60.96296296296296,173.37037037037038,21.40740740740741,38.925925925925924,24.62962962962963,8.814814814814815,0.7037037037037037,4.777777777777778,63.48148148148148,36.18518518518518,14.62962962962963,1.9259259259259258,1.3333333333333333,1.2592592592592593,20.40740740740741,3.2222222222222223,17.912222222222223,51.76999999999999,21.169629629629632,5.444444444444445,0.11199999999999999,0.18292592592592594,0.23370370370370372,0.294925925925926,0.20725925925925925,0.3210989256370052,33.96296296296296,68.74074074074075,8.148148148148149,16.074074074074073,10.185185185185185,3.3333333333333335,0.37037037037037035,2.185185185185185,26.703703703703702,14.148148148148149,6.222222222222222,0.7407407407407407,0.2962962962962963,0.5185185185185185,7.888888888888889,1.2962962962962963,21.55185185185185,49.60962962962963,19.691851851851855,5.444074074074074,0.1002962962962963,0.16166666666666668,0.21140740740740746,0.26188888888888895,0.18340740740740744,0.28884238022141867,0.3133282148257506,0.3210989256370052,0.28884238022141867
SLN,241.48,213.96,29.56,53.64,35.64,9.8,0.32,7.88,87.72,20.6,53.0,28.12,3.64,2.44,0.19756000000000004,0.26436,0.31648,0.5808000000000001,0.11900000000000001,93.52,0.72712,0.22612000000000002,11.279999999999998,-0.7839999999999998,1.0863999999999998,0.35496029854097766,65.32,188.76,22.88,42.72,28.56,7.56,0.44,6.16,69.64,41.72,15.6,2.64,1.44,1.2,21.96,3.8,20.0068,49.5796,20.025199999999998,6.388399999999999,0.11792000000000001,0.19868,0.27136000000000005,0.31664000000000003,0.22595999999999997,0.36006501049401907,32.36,65.52,9.2,14.64,9.24,2.72,0.12,2.56,25.28,14.56,6.6,0.68,0.56,0.56,8.36,1.0,23.2848,49.95320000000001,19.693600000000004,3.0696000000000003,0.1426,0.21768000000000004,0.26828,0.36028000000000004,0.23631999999999995,0.3824129124089556,0.35496029854097766,0.36006501049401907,0.3824129124089556
CLE,294.3,261.4,38.65,67.35,42.5,13.75,0.95,10.15,113.45,25.95,55.95,36.55,4.2,6.7,0.21080000000000004,0.29250000000000004,0.32949999999999996,0.62205,0.11874999999999998,104.75,0.7484,0.2239,10.919999999999998,1.4299999999999997,1.2795,0.382338820655299,70.2,214.35,28.6,49.05,30.05,10.15,0.8,8.05,84.95,40.95,19.1,2.65,1.6,0.95,27.55,3.7,20.4315,45.752,23.1535,10.663,0.13575,0.22060000000000005,0.27880000000000005,0.35645,0.22535,0.38427695786096205,41.25,82.85,10.35,18.8,12.7,3.7,0.15,2.25,29.55,15.95,7.0,1.25,0.3,0.15,9.4,1.8,18.5345,46.81049999999999,26.585499999999996,8.0675,0.10969999999999999,0.21685000000000004,0.2794500000000001,0.32660000000000006,0.20579999999999998,0.36028418568062903,0.382338820655299,0.38427695786096205,0.36028418568062903
HOU,347.11764705882354,307.29411764705884,44.94117647058823,79.11764705882354,50.588235294117645,15.823529411764707,0.9411764705882353,11.764705882352942,132.11764705882354,32.588235294117645,66.82352941176471,43.76470588235294,8.764705882352942,4.0,0.22588235294117648,0.2912941176470588,0.3754705882352941,0.6668823529411766,0.14970588235294116,97.47058823529412,0.7359411764705883,0.2447058823529412,15.55294117647059,0.3058823529411765,1.643529411764706,0.41426860547526856,84.82352941176471,241.2941176470588,31.0,53.1764705882353,34.294117647058826,10.352941176470589,0.4117647058823529,8.117647058823529,88.70588235294117,45.8235294117647,23.11764705882353,2.4705882352941178,1.7058823529411764,0.7058823529411765,29.647058823529413,6.705882352941177,26.99705882352941,41.46823529411765,21.10529411764706,10.428235294117647,0.14611764705882352,0.22417647058823528,0.2919411764705883,0.37017647058823533,0.24341176470588236,0.4115574774444606,47.411764705882355,105.82352941176471,13.941176470588236,25.941176470588236,16.294117647058822,5.470588235294118,0.5294117647058824,3.6470588235294117,43.411764705882355,21.0,9.470588235294118,0.9411764705882353,0.8823529411764706,0.058823529411764705,14.117647058823529,3.411764705882353,21.2235294117647,43.48352941176471,23.065294117647063,6.345882352941177,0.16011764705882353,0.23711764705882357,0.29776470588235293,0.39699999999999996,0.25370588235294117,0.4290807883204861,0.41426860547526856,0.4115574774444606,0.4290807883204861
SFN,220.57692307692307,199.92307692307693,21.923076923076923,48.11538461538461,33.03846153846154,9.076923076923077,1.1153846153846154,4.884615384615385,74.07692307692308,16.423076923076923,51.34615384615385,20.73076923076923,4.346153846153846,2.6538461538461537,0.2060384615384615,0.24973076923076928,0.3236153846153847,0.5733461538461537,0.11757692307692308,96.34615384615384,0.7120384615384616,0.21261538461538468,4.246153846153844,-0.6653846153846152,0.37076923076923074,0.35310265630228765,58.30769230769231,153.19230769230768,15.653846153846153,34.0,23.153846153846153,6.576923076923077,0.8846153846153846,3.3846153846153846,52.5,36.92307692307692,11.923076923076923,1.3461538461538463,1.0,0.5384615384615384,14.653846153846153,3.576923076923077,19.029615384615383,52.72500000000001,23.1276923076923,5.116923076923078,0.12634615384615386,0.21261538461538462,0.2578846153846154,0.33873076923076934,0.2215769230769231,0.36968384426258816,38.07692307692308,79.84615384615384,7.615384615384615,16.846153846153847,11.807692307692308,2.923076923076923,0.3076923076923077,1.8076923076923077,25.807692307692307,18.115384615384617,5.8076923076923075,0.6538461538461539,0.5384615384615384,0.34615384615384615,7.1923076923076925,1.7307692307692308,15.918461538461536,53.659615384615385,21.16923076923077,5.407307692307692,0.07834615384615386,0.18507692307692306,0.22380769230769235,0.2633846153846154,0.18692307692307697,0.28850059138181644,0.35310265630228765,0.36968384426258816,0.28850059138181644
ARI,213.53846153846155,189.15384615384616,23.576923076923077,44.46153846153846,27.307692307692307,9.115384615384615,1.6538461538461537,6.384615384615385,76.03846153846153,20.26923076923077,51.65384615384615,23.576923076923077,3.769230769230769,2.9615384615384617,0.16603846153846158,0.2512692307692308,0.26861538461538464,0.5197692307692309,0.10261538461538464,99.57692307692308,0.7207307692307693,0.20246153846153847,7.026923076923077,1.4346153846153842,0.8788461538461536,0.3359012719852753,54.53846153846154,144.07692307692307,16.076923076923077,29.115384615384617,17.846153846153847,6.346153846153846,0.9615384615384616,3.9615384615384617,49.26923076923077,35.23076923076923,14.26923076923077,0.9615384615384616,1.0,0.8461538461538461,15.76923076923077,2.730769230769231,17.66346153846154,54.73884615384615,21.869615384615386,5.726153846153846,0.09519230769230771,0.15426923076923077,0.21957692307692314,0.24942307692307691,0.18565384615384614,0.2954187367937143,34.5,69.34615384615384,7.5,15.346153846153847,9.461538461538462,2.769230769230769,0.6923076923076923,2.423076923076923,26.76923076923077,16.423076923076923,5.961538461538462,0.34615384615384615,0.5,0.38461538461538464,7.846153846153846,1.4230769230769231,20.836923076923078,43.410769230769226,19.836153846153845,8.223461538461537,0.10680769230769231,0.18126923076923077,0.28815384615384615,0.2879615384615385,0.21980769230769234,0.379082735771594,0.3359012719852753,0.2954187367937143,0.379082735771594
SDN,200.71428571428572,181.53571428571428,20.357142857142858,42.714285714285715,28.107142857142858,8.5,1.0714285714285714,5.035714285714286,68.46428571428571,15.714285714285714,49.642857142857146,19.214285714285715,4.071428571428571,3.357142857142857,0.16864285714285718,0.22628571428571423,0.25010714285714286,0.4763928571428571,0.08142857142857143,100.85714285714286,0.6998928571428572,0.18178571428571424,3.1321428571428576,0.22500000000000014,0.3485714285714285,0.2915278321470294,51.5,136.92857142857142,13.857142857142858,29.392857142857142,19.785714285714285,5.714285714285714,0.6785714285714286,3.2142857142857144,46.107142857142854,34.5,10.821428571428571,0.8214285714285714,0.9285714285714286,0.8928571428571429,13.321428571428571,2.9285714285714284,14.724999999999996,53.300357142857145,22.25035714285715,6.1517857142857135,0.07928571428571428,0.17089285714285715,0.22492857142857145,0.2501428571428571,0.18221428571428572,0.2882542183832199,30.714285714285715,63.785714285714285,6.571428571428571,13.392857142857142,8.357142857142858,2.7857142857142856,0.39285714285714285,1.8571428571428572,22.535714285714285,15.107142857142858,4.892857142857143,0.21428571428571427,0.32142857142857145,0.32142857142857145,5.928571428571429,1.7857142857142858,16.909285714285716,46.40107142857142,19.94107142857143,9.60642857142857,0.08557142857142856,0.16550000000000004,0.2288571428571429,0.2511785714285714,0.18357142857142855,0.30949482238877773,0.2915278321470294,0.2882542183832199,0.30949482238877773
WAS,184.56666666666666,162.6,22.2,40.96666666666667,26.633333333333333,8.366666666666667,0.8,5.166666666666667,66.43333333333334,17.566666666666666,37.3,20.866666666666667,2.8666666666666667,3.8,0.19853333333333337,0.2536333333333333,0.2934333333333334,0.5470666666666666,0.09496666666666667,101.03333333333333,0.7197999999999999,0.20203333333333331,7.626666666666667,-0.19666666666666663,0.7713333333333334,0.32500693920833684,52.0,146.1,17.866666666666667,33.06666666666667,21.6,6.466666666666667,0.6333333333333333,4.366666666666666,53.9,28.933333333333334,13.2,1.5333333333333334,0.9666666666666667,0.9,16.566666666666666,2.566666666666667,16.99,51.45433333333333,19.468999999999998,8.752,0.09369999999999999,0.20039999999999997,0.2529666666666666,0.29399999999999993,0.2059666666666667,0.32457556781195585,25.6,48.96666666666667,5.7,10.433333333333334,6.766666666666667,2.3,0.16666666666666666,1.2,16.666666666666668,10.9,4.933333333333334,0.4,0.3,0.36666666666666664,5.5,0.9666666666666667,15.259333333333334,52.63633333333332,26.361000000000004,5.742,0.092,0.18493333333333334,0.24446666666666672,0.27696666666666664,0.19046666666666665,0.31216508105807095,0.32500693920833684,0.32457556781195585,0.31216508105807095
