Unnamed: 0,NAME,HAND_pit,G_SIDE_pit,PA_SIDE_pit,AB_SIDE_pit,H_SIDE_pit,1B_SIDE_pit,2B_SIDE_pit,3B_SIDE_pit,HR_SIDE_pit,TB_SIDE_pit,SO_SIDE_pit,BB_SIDE_pit,HBP_SIDE_pit,SF_SIDE_pit,SH_SIDE_pit,DP_SIDE_pit,FB%_SIDE_pit,GB%_SIDE_pit,LD%_SIDE_pit,POP%_SIDE_pit,ISO_SIDE_pit,AVG_SIDE_pit,OBP_SIDE_pit,SLG_SIDE_pit,TAV_SIDE_pit,BASES_VS_AB_pit
0,AARON LOUP,L,2,5,4,2,1,1,0,0,3,0,0,1,0,0,0,0.0,50.0,50.0,0.0,0.25,0.5,0.6,0.75,0.469,0.6
1,AARON LOUP,R,1,2,2,0,0,0,0,0,0,1,0,0,0,0,0,0.0,100.0,0.0,0.0,0.0,0.0,0.0,0.0,-0.009000000000000001,0.0
2,AARON NOLA,L,1,13,11,2,2,0,0,0,2,4,2,0,0,0,0,14.29,71.43,0.0,14.29,0.0,0.182,0.308,0.182,0.198,0.3076923076923077
3,AARON NOLA,R,1,10,7,0,0,0,0,0,0,4,3,0,0,0,0,33.33,33.33,33.33,0.0,0.0,0.0,0.3,0.0,0.171,0.3
4,AARON SANCHEZ,L,1,6,5,0,0,0,0,0,0,3,1,0,0,0,0,50.0,50.0,0.0,0.0,0.0,0.0,0.16699999999999998,0.0,0.10800000000000001,0.16666666666666666
5,AARON SANCHEZ,R,1,15,12,3,3,0,0,0,3,3,2,1,0,0,0,44.44,33.33,22.22,0.0,0.0,0.25,0.4,0.25,0.26,0.3333333333333333
6,ADALBERTO MEJIA,R,1,2,2,0,0,0,0,0,0,2,0,0,0,0,0,0.0,0.0,0.0,0.0,0.0,0.0,0.0,0.0,0.034,0.0
7,ADAM CIMBER,R,1,1,1,0,0,0,0,0,0,1,0,0,0,0,0,0.0,0.0,0.0,0.0,0.0,0.0,0.0,0.0,0.06,0.0
8,ADAM CONLEY,L,2,6,6,3,0,2,1,0,7,0,0,0,0,0,0,0.0,33.33,66.67,0.0,0.667,0.5,0.5,1.167,0.638,1.1666666666666667
9,ADAM CONLEY,R,2,2,2,0,0,0,0,0,0,1,0,0,0,0,0,0.0,0.0,0.0,100.0,0.0,0.0,0.0,0.0,-0.03,0.0
10,ADAM KOLAREK,L,2,3,3,1,1,0,0,0,1,0,0,0,0,0,0,0.0,33.33,66.67,0.0,0.0,0.33299999999999996,0.33299999999999996,0.33299999999999996,0.24100000000000002,0.3333333333333333
11,ADAM KOLAREK,R,1,1,0,0,0,0,0,0,0,0,1,0,0,0,0,0.0,0.0,0.0,0.0,0.0,0.0,1.0,0.0,0.573,1.0
12,ADAM MORGAN,L,1,1,1,0,0,0,0,0,0,0,0,0,0,0,0,0.0,100.0,0.0,0.0,0.0,0.0,0.0,0.0,-0.005,0.0
13,ADAM OTTAVINO,L,1,2,2,0,0,0,0,0,0,2,0,0,0,0,0,0.0,0.0,0.0,0.0,0.0,0.0,0.0,0.0,0.021,0.0
14,ADAM OTTAVINO,R,2,3,3,0,0,0,0,0,0,1,0,0,0,0,0,0.0,50.0,50.0,0.0,0.0,0.0,0.0,0.0,0.022000000000000002,0.0
15,ALEX CLAUDIO,L,2,4,3,1,1,0,0,0,1,0,1,0,0,0,0,33.33,66.67,0.0,0.0,0.0,0.33299999999999996,0.5,0.33299999999999996,0.332,0.5
16,ALEX CLAUDIO,R,2,3,2,0,0,0,0,0,0,0,0,0,0,1,0,33.33,33.33,33.33,0.0,0.0,0.0,0.0,0.0,0.125,0.0
17,ALEX COLOME,L,1,2,2,0,0,0,0,0,0,0,0,0,0,0,0,0.0,100.0,0.0,0.0,0.0,0.0,0.0,0.0,0.006,0.0
18,ALEX COLOME,R,1,1,1,0,0,0,0,0,0,0,0,0,0,0,0,0.0,0.0,100.0,0.0,0.0,0.0,0.0,0.0,0.006,0.0
19,ALEXANDER REYES,L,1,1,1,0,0,0,0,0,0,0,0,0,0,0,0,0.0,100.0,0.0,0.0,0.0,0.0,0.0,0.0,-0.011000000000000001,0.0
20,ALEXANDER REYES,R,1,2,2,0,0,0,0,0,0,0,0,0,0,0,0,50.0,0.0,50.0,0.0,0.0,0.0,0.0,0.0,-0.011000000000000001,0.0
21,ALEX WILSON,R,1,4,4,0,0,0,0,0,0,2,0,0,0,0,0,50.0,0.0,50.0,0.0,0.0,0.0,0.0,0.0,-0.012,0.0
22,AMIR GARRETT,L,1,1,1,0,0,0,0,0,0,1,0,0,0,0,0,0.0,0.0,0.0,0.0,0.0,0.0,0.0,0.0,0.063,0.0
23,ANDREW CASHNER,L,1,5,4,0,0,0,0,0,0,3,1,0,0,0,0,0.0,0.0,100.0,0.0,0.0,0.0,0.2,0.0,0.11800000000000001,0.2
24,ANDREW CASHNER,R,1,15,12,6,5,0,0,1,9,0,3,0,0,0,2,33.33,66.67,0.0,0.0,0.25,0.5,0.6,0.75,0.381,0.8
25,ANDREW CHAFIN,L,1,4,3,0,0,0,0,0,0,1,1,0,0,0,1,0.0,50.0,50.0,0.0,0.0,0.0,0.25,0.0,0.08,0.25
26,ANDREW CHAFIN,R,1,3,3,2,2,0,0,0,2,1,0,0,0,0,0,0.0,0.0,100.0,0.0,0.0,0.667,0.667,0.667,0.466,0.6666666666666666
27,ANDREW MILLER,L,1,2,1,1,0,0,0,1,4,0,0,1,0,0,0,100.0,0.0,0.0,0.0,3.0,1.0,1.0,4.0,1.198,2.0
28,ANDREW MILLER,R,1,2,2,0,0,0,0,0,0,0,0,0,0,0,1,50.0,50.0,0.0,0.0,0.0,0.0,0.0,0.0,-0.174,0.0
29,ARCHIE BRADLEY,L,1,1,1,0,0,0,0,0,0,0,0,0,0,0,0,0.0,0.0,100.0,0.0,0.0,0.0,0.0,0.0,0.038,0.0
30,ARCHIE BRADLEY,R,1,4,4,2,2,0,0,0,2,0,0,0,0,0,0,0.0,75.0,25.0,0.0,0.0,0.5,0.5,0.5,0.382,0.5
31,AROLDIS CHAPMAN,R,1,4,4,1,1,0,0,0,1,1,0,0,0,0,0,0.0,66.67,33.33,0.0,0.0,0.25,0.25,0.25,0.179,0.25
32,AUSTIN BRICE,L,1,4,4,0,0,0,0,0,0,2,0,0,0,0,0,0.0,50.0,50.0,0.0,0.0,0.0,0.0,0.0,-0.032,0.0
33,AUSTIN BRICE,R,1,4,2,0,0,0,0,0,0,0,2,0,0,0,0,0.0,50.0,50.0,0.0,0.0,0.0,0.5,0.0,0.316,0.5
34,BLAINE HARDY,R,1,6,5,2,2,0,0,0,2,1,1,0,0,0,0,0.0,100.0,0.0,0.0,0.0,0.4,0.5,0.4,0.33399999999999996,0.5
35,BLAKE PARKER,L,1,3,2,1,1,0,0,0,1,0,0,0,1,0,0,33.33,33.33,0.0,33.33,0.0,0.5,0.33299999999999996,0.5,0.381,0.3333333333333333
36,BLAKE PARKER,R,1,2,1,0,0,0,0,0,0,0,1,0,0,0,0,0.0,100.0,0.0,0.0,0.0,0.0,0.5,0.0,0.251,0.5
37,BLAKE SNELL,L,1,3,3,2,1,0,0,1,5,1,0,0,0,0,0,50.0,50.0,0.0,0.0,1.0,0.667,0.667,1.6669999999999998,0.797,1.6666666666666667
38,BLAKE SNELL,R,1,21,19,4,1,1,0,2,11,2,2,0,0,0,0,35.29,29.41,17.65,17.65,0.368,0.21100000000000002,0.28600000000000003,0.579,0.305,0.6190476190476191
39,BLAKE TREINEN,L,2,6,6,0,0,0,0,0,0,3,0,0,0,0,0,33.33,33.33,0.0,33.33,0.0,0.0,0.0,0.0,-0.011000000000000001,0.0
40,BLAKE TREINEN,R,3,9,9,1,1,0,0,0,1,3,0,0,0,0,0,16.67,33.33,33.33,16.67,0.0,0.111,0.111,0.111,0.076,0.1111111111111111
41,BRAD BOXBERGER,L,2,4,4,2,0,1,0,1,6,1,0,0,0,0,0,33.33,0.0,66.67,0.0,1.0,0.5,0.5,1.5,0.659,1.5
42,BRAD BOXBERGER,R,1,3,2,0,0,0,0,0,0,1,1,0,0,0,0,0.0,100.0,0.0,0.0,0.0,0.0,0.33299999999999996,0.0,0.201,0.3333333333333333
43,BRAD BRACH,L,1,1,1,0,0,0,0,0,0,0,0,0,0,0,0,0.0,0.0,0.0,100.0,0.0,0.0,0.0,0.0,0.023,0.0
44,BRAD BRACH,R,1,2,2,0,0,0,0,0,0,1,0,0,0,0,0,100.0,0.0,0.0,0.0,0.0,0.0,0.0,0.0,0.022000000000000002,0.0
45,BRAD HAND,L,2,3,2,0,0,0,0,0,0,1,1,0,0,0,0,0.0,0.0,0.0,100.0,0.0,0.0,0.33299999999999996,0.0,0.18,0.3333333333333333
46,BRAD HAND,R,1,4,3,1,0,1,0,0,2,0,1,0,0,0,0,66.67,0.0,33.33,0.0,0.33299999999999996,0.33299999999999996,0.5,0.667,0.348,0.75
47,BRAD KELLER,L,1,14,13,1,1,0,0,0,1,2,1,0,0,0,0,0.0,45.45,54.55,0.0,0.0,0.077,0.14300000000000002,0.077,0.098,0.14285714285714285
48,BRAD KELLER,R,1,10,10,1,1,0,0,0,1,3,0,0,0,0,0,14.29,71.43,0.0,14.29,0.0,0.1,0.1,0.1,0.07400000000000001,0.1
49,BRANDON BRENNAN,L,3,8,8,0,0,0,0,0,0,3,0,0,0,0,2,0.0,80.0,20.0,0.0,0.0,0.0,0.0,0.0,-0.0,0.0
50,BRANDON BRENNAN,R,3,9,8,3,3,0,0,0,3,1,1,0,0,0,1,0.0,71.43,28.57,0.0,0.0,0.375,0.444,0.375,0.281,0.4444444444444444
51,BRANDON KINTZLER,L,1,1,1,0,0,0,0,0,0,0,0,0,0,0,1,0.0,100.0,0.0,0.0,0.0,0.0,0.0,0.0,-0.245,0.0
52,BRANDON KINTZLER,R,1,1,1,0,0,0,0,0,0,1,0,0,0,0,0,0.0,0.0,0.0,0.0,0.0,0.0,0.0,0.0,0.021,0.0
53,BRANDON WOODRUFF,L,1,7,6,2,1,1,0,0,3,2,1,0,0,0,0,25.0,25.0,50.0,0.0,0.16699999999999998,0.33299999999999996,0.429,0.5,0.33399999999999996,0.5714285714285714
54,BRANDON WOODRUFF,R,1,15,14,4,3,1,0,0,5,3,0,0,0,1,0,16.67,41.67,33.33,8.33,0.071,0.28600000000000003,0.28600000000000003,0.35700000000000004,0.242,0.3333333333333333
55,BRANDON WORKMAN,L,1,1,1,0,0,0,0,0,0,1,0,0,0,0,0,0.0,0.0,0.0,0.0,0.0,0.0,0.0,0.0,-0.013999999999999999,0.0
56,BRANDON WORKMAN,R,1,2,2,0,0,0,0,0,0,0,0,0,0,0,0,50.0,0.0,50.0,0.0,0.0,0.0,0.0,0.0,-0.012,0.0
57,BRETT ANDERSON,L,1,5,4,0,0,0,0,0,0,2,1,0,0,0,0,0.0,100.0,0.0,0.0,0.0,0.0,0.2,0.0,0.115,0.2
58,BRETT ANDERSON,R,1,18,17,3,2,1,0,0,4,2,1,0,0,0,0,13.33,53.33,26.67,6.67,0.059000000000000004,0.17600000000000002,0.222,0.235,0.174,0.2777777777777778
59,BRIAN JOHNSON,L,2,3,3,0,0,0,0,0,0,2,0,0,0,0,0,100.0,0.0,0.0,0.0,0.0,0.0,0.0,0.0,-0.013000000000000001,0.0
60,BRIAN JOHNSON,R,2,4,3,0,0,0,0,0,0,2,1,0,0,0,0,0.0,100.0,0.0,0.0,0.0,0.0,0.25,0.0,0.16699999999999998,0.25
61,BROCK STEWART,L,2,9,7,3,2,0,0,1,6,1,1,0,1,0,1,28.57,42.86,28.57,0.0,0.429,0.429,0.444,0.857,0.41200000000000003,0.7777777777777778
62,BROCK STEWART,R,2,7,6,3,1,2,0,0,5,1,0,0,1,0,0,33.33,66.67,0.0,0.0,0.33299999999999996,0.5,0.429,0.833,0.46299999999999997,0.7142857142857143
63,BRYAN SHAW,L,2,2,2,1,1,0,0,0,1,0,0,0,0,0,0,50.0,0.0,50.0,0.0,0.0,0.5,0.5,0.5,0.408,0.5
64,BRYAN SHAW,R,2,4,4,0,0,0,0,0,0,1,0,0,0,0,1,33.33,66.67,0.0,0.0,0.0,0.0,0.0,0.0,-0.129,0.0
65,BRYSE WILSON,L,1,6,3,1,0,0,1,0,3,0,3,0,0,0,1,33.33,33.33,33.33,0.0,0.667,0.33299999999999996,0.667,1.0,0.47200000000000003,1.0
66,BRYSE WILSON,R,1,11,10,4,1,2,0,1,9,3,1,0,0,0,0,42.86,28.57,28.57,0.0,0.5,0.4,0.455,0.9,0.442,0.9090909090909092
67,BUCK FARMER,L,1,1,1,0,0,0,0,0,0,0,0,0,0,0,0,0.0,100.0,0.0,0.0,0.0,0.0,0.0,0.0,0.013999999999999999,0.0
68,BUCK FARMER,R,1,3,2,0,0,0,0,0,0,0,1,0,0,0,0,0.0,50.0,0.0,50.0,0.0,0.0,0.33299999999999996,0.0,0.20199999999999999,0.3333333333333333
69,CALEB FERGUSON,L,1,1,1,0,0,0,0,0,0,0,0,0,0,0,0,0.0,0.0,100.0,0.0,0.0,0.0,0.0,0.0,-0.004,0.0
70,CALEB FERGUSON,R,1,2,2,0,0,0,0,0,0,2,0,0,0,0,0,0.0,0.0,0.0,0.0,0.0,0.0,0.0,0.0,-0.006,0.0
71,CAM BEDROSIAN,L,1,1,1,0,0,0,0,0,0,0,0,0,0,0,0,0.0,100.0,0.0,0.0,0.0,0.0,0.0,0.0,-0.009000000000000001,0.0
72,CAM BEDROSIAN,R,1,2,2,0,0,0,0,0,0,0,0,0,0,0,0,100.0,0.0,0.0,0.0,0.0,0.0,0.0,0.0,-0.009000000000000001,0.0
73,CARL EDWARDS JR.,L,1,3,1,1,0,0,0,1,4,0,2,0,0,0,0,100.0,0.0,0.0,0.0,3.0,1.0,1.0,4.0,0.8240000000000001,2.0
74,CARL EDWARDS JR.,R,1,1,1,1,1,0,0,0,1,0,0,0,0,0,0,0.0,100.0,0.0,0.0,0.0,1.0,1.0,1.0,0.629,1.0
75,CARLOS RODON,L,1,3,1,0,0,0,0,0,0,0,0,1,1,0,0,100.0,0.0,0.0,0.0,0.0,0.0,0.33299999999999996,0.0,0.315,0.0
76,CARLOS RODON,R,1,20,19,3,2,0,1,0,5,6,1,0,0,0,0,7.69,30.77,30.77,30.77,0.105,0.158,0.2,0.263,0.242,0.3
77,CHAD GREEN,L,1,2,2,1,0,1,0,0,2,1,0,0,0,0,0,0.0,0.0,100.0,0.0,0.5,0.5,0.5,1.0,0.449,1.0
78,CHAD GREEN,R,1,3,3,1,1,0,0,0,1,1,0,0,0,0,0,0.0,50.0,50.0,0.0,0.0,0.33299999999999996,0.33299999999999996,0.33299999999999996,0.225,0.3333333333333333
79,CHAD SOBOTKA,L,1,1,1,0,0,0,0,0,0,0,0,0,0,0,0,0.0,100.0,0.0,0.0,0.0,0.0,0.0,0.0,-0.005,0.0
80,CHAD SOBOTKA,R,1,2,2,0,0,0,0,0,0,2,0,0,0,0,0,0.0,0.0,0.0,0.0,0.0,0.0,0.0,0.0,-0.006999999999999999,0.0
81,CHARLIE MORTON,L,1,6,5,2,1,1,0,0,3,1,0,1,0,0,0,25.0,25.0,50.0,0.0,0.2,0.4,0.5,0.6,0.39799999999999996,0.5
82,CHARLIE MORTON,R,1,14,12,1,1,0,0,0,1,7,2,0,0,0,0,40.0,20.0,0.0,40.0,0.0,0.083,0.214,0.083,0.139,0.21428571428571427
83,CHASE ANDERSON,L,1,3,3,1,1,0,0,0,1,1,0,0,0,0,0,0.0,0.0,50.0,50.0,0.0,0.33299999999999996,0.33299999999999996,0.33299999999999996,0.258,0.3333333333333333
84,CHASE ANDERSON,R,1,7,5,1,0,1,0,0,2,2,2,0,0,0,0,33.33,33.33,0.0,33.33,0.2,0.2,0.429,0.4,0.308,0.5714285714285714
85,CHAZ ROE,R,2,6,5,1,1,0,0,0,1,0,1,0,0,0,0,0.0,60.0,40.0,0.0,0.0,0.2,0.33299999999999996,0.2,0.22899999999999998,0.3333333333333333
86,CHRIS DEVENSKI,L,1,5,5,2,1,1,0,0,3,3,0,0,0,0,0,0.0,100.0,0.0,0.0,0.2,0.4,0.4,0.6,0.37,0.6
87,CHRIS DEVENSKI,R,1,4,3,1,1,0,0,0,1,0,0,0,0,1,0,50.0,50.0,0.0,0.0,0.0,0.33299999999999996,0.33299999999999996,0.33299999999999996,0.223,0.25
88,CHRIS SALE,L,1,6,6,2,1,0,1,0,4,2,0,0,0,0,0,0.0,50.0,50.0,0.0,0.33299999999999996,0.33299999999999996,0.33299999999999996,0.667,0.353,0.6666666666666666
89,CHRIS SALE,R,1,12,8,4,0,1,0,3,14,2,2,1,1,0,0,71.43,14.29,14.29,0.0,1.25,0.5,0.583,1.75,0.7859999999999999,1.3333333333333333
90,CODY ALLEN,L,1,1,1,0,0,0,0,0,0,0,0,0,0,0,0,0.0,0.0,0.0,100.0,0.0,0.0,0.0,0.0,-0.009000000000000001,0.0
91,CODY ALLEN,R,1,3,2,0,0,0,0,0,0,1,1,0,0,0,0,0.0,0.0,0.0,100.0,0.0,0.0,0.33299999999999996,0.0,0.212,0.3333333333333333
92,COLLIN MCHUGH,L,1,13,12,2,1,1,0,0,3,6,1,0,0,0,0,0.0,66.67,33.33,0.0,0.083,0.16699999999999998,0.231,0.25,0.171,0.3076923076923077
93,COLLIN MCHUGH,R,1,6,6,1,0,1,0,0,2,3,0,0,0,0,0,0.0,66.67,33.33,0.0,0.16699999999999998,0.16699999999999998,0.16699999999999998,0.33299999999999996,0.175,0.3333333333333333
94,COLTEN BREWER,L,1,3,2,0,0,0,0,0,0,0,1,0,0,0,0,0.0,100.0,0.0,0.0,0.0,0.0,0.33299999999999996,0.0,0.19399999999999998,0.3333333333333333
95,COLTEN BREWER,R,1,2,1,0,0,0,0,0,0,1,1,0,0,0,0,0.0,0.0,0.0,0.0,0.0,0.0,0.5,0.0,0.326,0.5
96,COREY KLUBER,L,1,15,14,1,0,1,0,0,2,4,1,0,0,0,0,40.0,40.0,10.0,10.0,0.071,0.071,0.133,0.14300000000000002,0.11800000000000001,0.2
97,COREY KLUBER,R,1,12,11,3,2,1,0,0,4,1,0,1,0,0,0,60.0,0.0,40.0,0.0,0.091,0.273,0.33299999999999996,0.364,0.251,0.3333333333333333
98,CORY GEARRIN,L,1,1,1,0,0,0,0,0,0,0,0,0,0,0,0,0.0,100.0,0.0,0.0,0.0,0.0,0.0,0.0,-0.012,0.0
99,CORY GEARRIN,R,3,9,8,1,1,0,0,0,1,3,1,0,0,0,1,40.0,40.0,20.0,0.0,0.0,0.125,0.222,0.125,0.105,0.2222222222222222
100,CRAIG STAMMEN,L,1,4,4,0,0,0,0,0,0,0,0,0,0,0,0,0.0,50.0,25.0,25.0,0.0,0.0,0.0,0.0,0.003,0.0
101,D.J. JOHNSON,L,1,1,1,0,0,0,0,0,0,1,0,0,0,0,0,0.0,0.0,0.0,0.0,0.0,0.0,0.0,0.0,-0.034,0.0
102,D.J. JOHNSON,R,2,7,7,3,3,0,0,0,3,0,0,0,0,0,0,28.57,28.57,42.86,0.0,0.0,0.429,0.429,0.429,0.365,0.42857142857142855
103,DAKOTA HUDSON,L,1,18,16,7,4,0,0,3,16,5,2,0,0,0,0,27.27,54.55,18.18,0.0,0.563,0.43799999999999994,0.5,1.0,0.5379999999999999,1.0
104,DAKOTA HUDSON,R,1,5,5,0,0,0,0,0,0,1,0,0,0,0,0,0.0,100.0,0.0,0.0,0.0,0.0,0.0,0.0,0.001,0.0
105,DAN ALTAVILLA,R,1,3,2,1,1,0,0,0,1,0,1,0,0,0,0,0.0,100.0,0.0,0.0,0.0,0.5,0.667,0.5,0.449,0.6666666666666666
106,DANIEL HUDSON,L,1,2,2,2,0,1,0,1,6,0,0,0,0,0,0,50.0,0.0,50.0,0.0,2.0,1.0,1.0,3.0,1.206,3.0
107,DANIEL HUDSON,R,2,8,7,1,1,0,0,0,1,4,0,1,0,0,0,33.33,33.33,0.0,33.33,0.0,0.14300000000000002,0.25,0.14300000000000002,0.16699999999999998,0.125
108,DANIEL NORRIS,L,1,1,1,0,0,0,0,0,0,0,0,0,0,0,0,0.0,0.0,0.0,100.0,0.0,0.0,0.0,0.0,0.013999999999999999,0.0
109,DANIEL NORRIS,R,1,10,7,2,1,1,0,0,3,0,2,0,0,1,0,50.0,50.0,0.0,0.0,0.14300000000000002,0.28600000000000003,0.444,0.429,0.306,0.5
110,DAVID HERNANDEZ,L,1,1,1,0,0,0,0,0,0,0,0,0,0,0,0,0.0,100.0,0.0,0.0,0.0,0.0,0.0,0.0,0.006999999999999999,0.0
111,DAVID HERNANDEZ,R,1,1,0,0,0,0,0,0,0,0,1,0,0,0,0,0.0,0.0,0.0,0.0,0.0,0.0,1.0,0.0,0.5489999999999999,1.0
112,DAVID HESS,L,1,1,1,0,0,0,0,0,0,0,0,0,0,0,0,100.0,0.0,0.0,0.0,0.0,0.0,0.0,0.0,0.07,0.0
113,DAVID HESS,R,1,7,5,1,1,0,0,0,1,2,2,0,0,0,0,0.0,0.0,66.67,33.33,0.0,0.2,0.429,0.2,0.265,0.42857142857142855
114,DAVID ROBERTSON,L,2,6,6,2,1,1,0,0,3,1,0,0,0,0,1,20.0,60.0,20.0,0.0,0.16699999999999998,0.33299999999999996,0.33299999999999996,0.5,0.24100000000000002,0.5
115,DAVID ROBERTSON,R,2,5,3,2,1,0,0,1,5,0,2,0,0,0,0,33.33,33.33,33.33,0.0,1.0,0.667,0.8,1.6669999999999998,0.726,1.4
116,DERECK RODRIGUEZ,L,1,7,7,1,1,0,0,0,1,2,0,0,0,0,0,0.0,60.0,40.0,0.0,0.0,0.14300000000000002,0.14300000000000002,0.14300000000000002,0.111,0.14285714285714285
117,DERECK RODRIGUEZ,R,1,12,12,3,2,1,0,0,4,0,0,0,0,0,1,41.67,33.33,25.0,0.0,0.083,0.25,0.25,0.33299999999999996,0.252,0.3333333333333333
118,DEREK HOLLAND,L,1,4,3,0,0,0,0,0,0,1,1,0,0,0,0,0.0,100.0,0.0,0.0,0.0,0.0,0.25,0.0,0.142,0.25
119,DEREK HOLLAND,R,1,14,12,4,2,1,0,1,8,4,1,1,0,0,1,37.5,12.5,50.0,0.0,0.33299999999999996,0.33299999999999996,0.429,0.667,0.35600000000000004,0.6428571428571429
120,DIEGO CASTILLO,L,1,3,3,1,1,0,0,0,1,0,0,0,0,0,1,0.0,66.67,33.33,0.0,0.0,0.33299999999999996,0.33299999999999996,0.33299999999999996,0.141,0.3333333333333333
121,DIEGO CASTILLO,R,1,4,4,1,1,0,0,0,1,1,0,0,0,0,0,0.0,66.67,33.33,0.0,0.0,0.25,0.25,0.25,0.19399999999999998,0.25
122,DOMINIC LEONE,L,2,7,7,0,0,0,0,0,0,1,0,0,0,0,0,50.0,33.33,0.0,16.67,0.0,0.0,0.0,0.0,-0.011000000000000001,0.0
123,DOMINIC LEONE,R,2,4,2,0,0,0,0,0,0,1,2,0,0,0,0,0.0,0.0,100.0,0.0,0.0,0.0,0.5,0.0,0.295,0.5
124,DREW STECKENRIDER,L,2,2,1,0,0,0,0,0,0,1,1,0,0,0,0,0.0,0.0,0.0,0.0,0.0,0.0,0.5,0.0,0.314,0.5
125,DREW STECKENRIDER,R,2,5,5,0,0,0,0,0,0,0,0,0,0,0,0,40.0,0.0,40.0,20.0,0.0,0.0,0.0,0.0,-0.031,0.0
126,DYLAN COVEY,L,1,1,1,0,0,0,0,0,0,0,0,0,0,0,0,0.0,0.0,0.0,100.0,0.0,0.0,0.0,0.0,0.006,0.0
127,DYLAN COVEY,R,1,5,5,1,0,1,0,0,2,0,0,0,0,0,0,0.0,60.0,40.0,0.0,0.2,0.2,0.2,0.4,0.353,0.4
128,DYLAN FLORO,L,1,6,6,2,1,1,0,0,3,1,0,0,0,0,0,20.0,40.0,20.0,20.0,0.16699999999999998,0.33299999999999996,0.33299999999999996,0.5,0.293,0.5
129,DYLAN FLORO,R,1,3,3,1,1,0,0,0,1,1,0,0,0,0,0,0.0,100.0,0.0,0.0,0.0,0.33299999999999996,0.33299999999999996,0.33299999999999996,0.243,0.3333333333333333
130,EDINSON VOLQUEZ,L,1,10,9,1,1,0,0,0,1,1,1,0,0,0,1,25.0,50.0,12.5,12.5,0.0,0.111,0.2,0.111,0.11,0.2
131,EDINSON VOLQUEZ,R,1,11,8,5,3,2,0,0,7,2,3,0,0,0,0,0.0,33.33,66.67,0.0,0.25,0.625,0.727,0.875,0.46799999999999997,0.9090909090909092
132,EDUARDO RODRIGUEZ,L,1,5,4,2,1,0,0,1,5,0,1,0,0,0,0,25.0,50.0,0.0,25.0,0.75,0.5,0.6,1.25,0.644,1.2
133,EDUARDO RODRIGUEZ,R,1,19,17,6,4,2,0,0,8,5,2,0,0,0,1,16.67,50.0,33.33,0.0,0.11800000000000001,0.353,0.42100000000000004,0.47100000000000003,0.322,0.5263157894736842
134,EDWIN DIAZ,L,1,2,2,0,0,0,0,0,0,1,0,0,0,0,0,0.0,0.0,100.0,0.0,0.0,0.0,0.0,0.0,0.008,0.0
135,EDWIN DIAZ,R,2,2,2,0,0,0,0,0,0,0,0,0,0,0,0,50.0,0.0,50.0,0.0,0.0,0.0,0.0,0.0,0.009000000000000001,0.0
136,ERIC LAUER,L,1,10,10,1,1,0,0,0,1,2,0,0,0,0,0,37.5,37.5,12.5,12.5,0.0,0.1,0.1,0.1,0.073,0.1
137,ERIC LAUER,R,1,11,10,3,3,0,0,0,3,1,1,0,0,0,0,44.44,22.22,22.22,11.11,0.0,0.3,0.364,0.3,0.251,0.3636363636363637
138,FELIX PENA,L,1,6,5,1,1,0,0,0,1,1,1,0,0,0,0,0.0,50.0,50.0,0.0,0.0,0.2,0.33299999999999996,0.2,0.22699999999999998,0.3333333333333333
139,FELIX PENA,R,1,11,10,3,2,0,0,1,6,2,0,1,0,0,0,62.5,25.0,12.5,0.0,0.3,0.3,0.364,0.6,0.353,0.5454545454545454
140,FERNANDO RODNEY,L,3,5,5,2,2,0,0,0,2,1,0,0,0,0,0,25.0,75.0,0.0,0.0,0.0,0.4,0.4,0.4,0.294,0.4
141,FERNANDO RODNEY,R,3,8,6,3,2,1,0,0,4,0,2,0,0,0,1,0.0,83.33,16.67,0.0,0.16699999999999998,0.5,0.625,0.667,0.43799999999999994,0.75
142,FREDDY PERALTA,L,1,7,4,1,1,0,0,0,1,1,3,0,0,0,0,0.0,33.33,33.33,33.33,0.0,0.25,0.5710000000000001,0.25,0.37,0.5714285714285714
143,FREDDY PERALTA,R,1,12,11,5,2,2,0,1,10,2,0,1,0,0,0,33.33,44.44,22.22,0.0,0.455,0.455,0.5,0.909,0.511,0.8333333333333334
144,GERMAN MARQUEZ,L,1,9,6,2,1,0,0,1,5,2,2,1,0,0,0,25.0,75.0,0.0,0.0,0.5,0.33299999999999996,0.556,0.833,0.514,0.7777777777777778
145,GERMAN MARQUEZ,R,1,13,12,0,0,0,0,0,0,5,1,0,0,0,1,0.0,85.71,14.29,0.0,0.0,0.0,0.077,0.0,-0.009000000000000001,0.07692307692307693
146,GERRIT COLE,L,1,9,9,2,2,0,0,0,2,4,0,0,0,0,0,40.0,20.0,40.0,0.0,0.0,0.222,0.222,0.222,0.166,0.2222222222222222
147,GERRIT COLE,R,1,16,16,3,2,0,0,1,6,6,0,0,0,0,0,40.0,30.0,30.0,0.0,0.188,0.188,0.188,0.375,0.25,0.375
148,GREG HOLLAND,L,1,2,2,0,0,0,0,0,0,1,0,0,0,0,0,100.0,0.0,0.0,0.0,0.0,0.0,0.0,0.0,-0.005,0.0
149,GREG HOLLAND,R,1,1,1,0,0,0,0,0,0,1,0,0,0,0,0,0.0,0.0,0.0,0.0,0.0,0.0,0.0,0.0,-0.006,0.0
150,HANSEL ROBLES,L,1,1,1,0,0,0,0,0,0,1,0,0,0,0,0,0.0,0.0,0.0,0.0,0.0,0.0,0.0,0.0,-0.011000000000000001,0.0
151,HANSEL ROBLES,R,1,3,3,1,1,0,0,0,1,1,0,0,0,0,0,50.0,0.0,0.0,50.0,0.0,0.33299999999999996,0.33299999999999996,0.33299999999999996,0.24600000000000002,0.3333333333333333
152,HEATH HEMBREE,L,2,4,3,0,0,0,0,0,0,1,1,0,0,0,0,50.0,0.0,50.0,0.0,0.0,0.0,0.25,0.0,0.149,0.25
153,HEATH HEMBREE,R,2,7,7,2,2,0,0,0,2,2,0,0,0,0,0,0.0,40.0,40.0,20.0,0.0,0.28600000000000003,0.28600000000000003,0.28600000000000003,0.324,0.2857142857142857
154,HECTOR NERIS,L,1,4,4,1,0,0,0,1,4,0,0,0,0,0,0,25.0,75.0,0.0,0.0,0.75,0.25,0.25,1.0,0.423,1.0
155,HECTOR NERIS,R,1,1,1,1,0,1,0,0,2,0,0,0,0,0,0,0.0,100.0,0.0,0.0,1.0,1.0,1.0,2.0,1.038,2.0
156,HECTOR RONDON,L,1,1,1,0,0,0,0,0,0,0,0,0,0,0,0,100.0,0.0,0.0,0.0,0.0,0.0,0.0,0.0,-0.001,0.0
157,HECTOR RONDON,R,1,2,2,0,0,0,0,0,0,2,0,0,0,0,0,0.0,0.0,0.0,0.0,0.0,0.0,0.0,0.0,-0.003,0.0
158,HECTOR VELAZQUEZ,L,2,4,4,0,0,0,0,0,0,1,0,0,0,0,0,0.0,33.33,0.0,66.67,0.0,0.0,0.0,0.0,-0.013000000000000001,0.0
159,HECTOR VELAZQUEZ,R,2,11,10,4,3,0,0,1,7,2,0,1,0,0,0,12.5,50.0,25.0,12.5,0.3,0.4,0.455,0.7,0.42100000000000004,0.6363636363636364
160,HUNTER STRICKLAND,L,2,5,4,2,0,1,0,1,6,0,0,1,0,0,0,25.0,25.0,50.0,0.0,1.0,0.5,0.6,1.5,0.6920000000000001,1.2
161,HUNTER STRICKLAND,R,2,5,5,0,0,0,0,0,0,3,0,0,0,0,0,100.0,0.0,0.0,0.0,0.0,0.0,0.0,0.0,-0.011000000000000001,0.0
162,HYUN-JIN RYU,L,1,4,4,0,0,0,0,0,0,2,0,0,0,0,0,0.0,50.0,0.0,50.0,0.0,0.0,0.0,0.0,-0.005,0.0
163,HYUN-JIN RYU,R,1,18,18,4,1,2,0,1,9,6,0,0,0,0,0,25.0,33.33,25.0,16.67,0.278,0.222,0.222,0.5,0.24600000000000002,0.5
164,IAN KENNEDY,L,2,4,4,0,0,0,0,0,0,1,0,0,0,0,0,100.0,0.0,0.0,0.0,0.0,0.0,0.0,0.0,0.025,0.0
165,IAN KENNEDY,R,2,4,4,2,2,0,0,0,2,0,0,0,0,0,0,0.0,75.0,25.0,0.0,0.0,0.5,0.5,0.5,0.36200000000000004,0.5
166,J.B. WENDELKEN,L,2,3,3,0,0,0,0,0,0,1,0,0,0,0,0,50.0,0.0,0.0,50.0,0.0,0.0,0.0,0.0,-0.01,0.0
167,J.B. WENDELKEN,R,2,10,9,2,1,1,0,0,3,2,0,0,1,0,0,50.0,37.5,0.0,12.5,0.111,0.222,0.2,0.33299999999999996,0.305,0.3
168,JACE FRY,L,1,2,1,0,0,0,0,0,0,0,1,0,0,0,0,0.0,100.0,0.0,0.0,0.0,0.0,0.5,0.0,0.256,0.5
169,JACE FRY,R,1,3,2,1,0,1,0,0,2,1,0,0,0,1,0,50.0,50.0,0.0,0.0,0.5,0.5,0.5,1.0,0.43799999999999994,0.6666666666666666
170,JACK FLAHERTY,L,1,10,8,2,1,1,0,0,3,3,1,0,1,0,0,16.67,16.67,50.0,16.67,0.125,0.25,0.3,0.375,0.287,0.4
171,JACK FLAHERTY,R,1,10,10,5,4,0,0,1,8,1,0,0,0,0,0,22.22,55.56,22.22,0.0,0.3,0.5,0.5,0.8,0.47,0.8
172,JACOB BARNES,L,1,2,2,2,2,0,0,0,2,0,0,0,0,0,0,0.0,50.0,50.0,0.0,0.0,1.0,1.0,1.0,0.764,1.0
173,JACOB BARNES,R,1,4,4,1,0,0,0,1,4,1,0,0,0,0,0,66.67,33.33,0.0,0.0,0.75,0.25,0.25,1.0,0.446,1.0
174,JACOB DEGROM,L,1,6,5,1,1,0,0,0,1,3,1,0,0,0,0,0.0,0.0,50.0,50.0,0.0,0.2,0.33299999999999996,0.2,0.198,0.3333333333333333
175,JACOB DEGROM,R,1,17,17,4,3,1,0,0,5,7,0,0,0,0,1,20.0,40.0,40.0,0.0,0.059000000000000004,0.235,0.235,0.294,0.16399999999999998,0.29411764705882354
176,JAKE DIEKMAN,L,2,4,3,0,0,0,0,0,0,0,1,0,0,0,0,0.0,33.33,0.0,66.67,0.0,0.0,0.25,0.0,0.16399999999999998,0.25
177,JAKE DIEKMAN,R,2,2,1,0,0,0,0,0,0,1,0,1,0,0,0,0.0,0.0,0.0,0.0,0.0,0.0,0.5,0.0,0.301,0.0
178,JAKOB JUNIS,L,1,13,12,3,3,0,0,0,3,4,1,0,0,0,0,25.0,50.0,12.5,12.5,0.0,0.25,0.308,0.25,0.218,0.3076923076923077
179,JAKOB JUNIS,R,1,10,10,3,2,0,0,1,6,2,0,0,0,0,1,25.0,62.5,12.5,0.0,0.3,0.3,0.3,0.6,0.28,0.6
180,JAKE MCGEE,L,1,1,1,0,0,0,0,0,0,0,0,0,0,0,0,100.0,0.0,0.0,0.0,0.0,0.0,0.0,0.0,-0.031,0.0
181,JAKE MCGEE,R,1,4,4,2,2,0,0,0,2,0,0,0,0,0,0,0.0,25.0,50.0,25.0,0.0,0.5,0.5,0.5,0.409,0.5
182,JAKE ODORIZZI,L,1,17,16,0,0,0,0,0,0,10,1,0,0,0,0,16.67,33.33,0.0,50.0,0.0,0.0,0.059000000000000004,0.0,0.043,0.05882352941176471
183,JAKE ODORIZZI,R,1,4,3,1,0,0,0,1,4,1,1,0,0,0,0,50.0,50.0,0.0,0.0,1.0,0.33299999999999996,0.5,1.3330000000000002,0.528,1.25
184,JALEN BEEKS,L,1,1,1,0,0,0,0,0,0,0,0,0,0,0,0,0.0,0.0,0.0,100.0,0.0,0.0,0.0,0.0,0.002,0.0
185,JALEN BEEKS,R,1,12,12,4,2,2,0,0,6,5,0,0,0,0,0,0.0,28.57,71.43,0.0,0.16699999999999998,0.33299999999999996,0.33299999999999996,0.5,0.28300000000000003,0.5
186,JAMES PAXTON,L,1,5,5,2,2,0,0,0,2,2,0,0,0,0,0,0.0,100.0,0.0,0.0,0.0,0.4,0.4,0.4,0.27399999999999997,0.4
187,JAMES PAXTON,R,1,16,15,2,2,0,0,0,2,3,1,0,0,0,1,16.67,50.0,8.33,25.0,0.0,0.133,0.188,0.133,0.111,0.1875
188,JAMESON TAILLON,L,1,12,11,2,1,1,0,0,3,2,1,0,0,0,0,11.11,44.44,44.44,0.0,0.091,0.182,0.25,0.273,0.239,0.3333333333333333
189,JAMESON TAILLON,R,1,14,13,4,1,2,0,1,9,2,1,0,0,0,0,27.27,45.45,18.18,9.09,0.385,0.308,0.35700000000000004,0.6920000000000001,0.35100000000000003,0.7142857142857143
190,JARED HUGHES,L,1,1,0,0,0,0,0,0,0,0,1,0,0,0,0,0.0,0.0,0.0,0.0,0.0,0.0,1.0,0.0,0.5489999999999999,1.0
191,JARED HUGHES,R,1,4,4,2,2,0,0,0,2,1,0,0,0,0,0,0.0,33.33,66.67,0.0,0.0,0.5,0.5,0.5,0.349,0.5
192,JAVY GUERRA,L,1,1,1,0,0,0,0,0,0,1,0,0,0,0,0,0.0,0.0,0.0,0.0,0.0,0.0,0.0,0.0,0.012,0.0
193,JAVY GUERRA,R,1,5,5,0,0,0,0,0,0,1,0,0,0,0,0,50.0,50.0,0.0,0.0,0.0,0.0,0.0,0.0,0.013999999999999999,0.0
194,JEANMAR GOMEZ,L,2,3,2,1,0,0,0,1,4,1,0,0,1,0,0,100.0,0.0,0.0,0.0,1.5,0.5,0.33299999999999996,2.0,0.605,1.3333333333333333
195,JEANMAR GOMEZ,R,2,6,4,2,1,1,0,0,3,0,2,0,0,0,0,0.0,75.0,25.0,0.0,0.25,0.5,0.667,0.75,0.415,0.8333333333333334
196,JEFFREY SPRINGS,L,2,6,6,1,0,1,0,0,2,0,0,0,0,0,0,66.67,0.0,33.33,0.0,0.16699999999999998,0.16699999999999998,0.16699999999999998,0.33299999999999996,0.172,0.3333333333333333
197,JEFFREY SPRINGS,R,2,5,3,0,0,0,0,0,0,2,2,0,0,0,0,0.0,100.0,0.0,0.0,0.0,0.0,0.4,0.0,0.221,0.4
198,JESSE BIDDLE,L,1,1,1,1,0,0,0,1,4,0,0,0,0,0,0,100.0,0.0,0.0,0.0,3.0,1.0,1.0,4.0,1.7069999999999999,4.0
199,JESSE BIDDLE,R,1,5,5,0,0,0,0,0,0,2,0,0,0,0,0,33.33,0.0,33.33,33.33,0.0,0.0,0.0,0.0,-0.005,0.0
200,JESSE CHAVEZ,L,1,2,1,0,0,0,0,0,0,0,1,0,0,0,0,0.0,0.0,100.0,0.0,0.0,0.0,0.5,0.0,0.28800000000000003,0.5
201,JESSE CHAVEZ,R,1,3,2,2,1,0,0,1,5,0,1,0,0,0,0,0.0,50.0,50.0,0.0,1.5,1.0,1.0,2.5,0.85,2.0
202,JEURYS FAMILIA,L,2,2,1,0,0,0,0,0,0,1,0,1,0,0,0,0.0,0.0,0.0,0.0,0.0,0.0,0.5,0.0,0.311,0.0
203,JEURYS FAMILIA,R,2,7,6,1,1,0,0,0,1,1,1,0,0,0,0,20.0,40.0,40.0,0.0,0.0,0.16699999999999998,0.28600000000000003,0.16699999999999998,0.276,0.2857142857142857
204,JHOULYS CHACIN,L,1,7,6,1,0,0,0,1,4,1,1,0,0,0,0,20.0,60.0,0.0,20.0,0.5,0.16699999999999998,0.28600000000000003,0.667,0.331,0.7142857142857143
205,JHOULYS CHACIN,R,1,14,13,2,1,0,0,1,5,6,1,0,0,0,0,42.86,28.57,28.57,0.0,0.231,0.154,0.214,0.385,0.222,0.42857142857142855
206,JIMMY YACABONIS,L,1,2,2,0,0,0,0,0,0,0,0,0,0,0,0,50.0,50.0,0.0,0.0,0.0,0.0,0.0,0.0,0.023,0.0
207,JIMMY YACABONIS,R,1,11,9,3,3,0,0,0,3,2,2,0,0,0,1,14.29,57.14,14.29,14.29,0.0,0.33299999999999996,0.455,0.33299999999999996,0.24100000000000002,0.4545454545454545
208,JOAKIM SORIA,L,3,7,6,4,3,1,0,0,5,1,0,0,1,0,0,16.67,16.67,66.67,0.0,0.16699999999999998,0.667,0.5710000000000001,0.833,0.556,0.7142857142857143
209,JOAKIM SORIA,R,3,9,6,3,2,1,0,0,4,0,2,1,0,0,0,50.0,0.0,50.0,0.0,0.16699999999999998,0.5,0.667,0.667,0.465,0.6666666666666666
210,JOE BIAGINI,L,1,2,2,0,0,0,0,0,0,1,0,0,0,0,0,0.0,0.0,100.0,0.0,0.0,0.0,0.0,0.0,0.013000000000000001,0.0
211,JOE BIAGINI,R,2,5,5,0,0,0,0,0,0,4,0,0,0,0,0,0.0,100.0,0.0,0.0,0.0,0.0,0.0,0.0,0.013000000000000001,0.0
212,JOE JIMENEZ,L,1,1,0,0,0,0,0,0,0,0,1,0,0,0,0,0.0,0.0,0.0,0.0,0.0,0.0,1.0,0.0,0.528,1.0
213,JOE JIMENEZ,R,1,3,3,0,0,0,0,0,0,1,0,0,0,0,0,0.0,0.0,50.0,50.0,0.0,0.0,0.0,0.0,0.013999999999999999,0.0
214,JOE KELLY,L,1,5,4,1,1,0,0,0,1,0,1,0,0,0,0,25.0,75.0,0.0,0.0,0.0,0.25,0.4,0.25,0.231,0.4
215,JOE KELLY,R,1,3,3,2,0,1,0,1,6,0,0,0,0,0,0,33.33,33.33,33.33,0.0,1.3330000000000002,0.667,0.667,2.0,0.9309999999999999,2.0
216,JOEY LUCCHESI,L,1,4,4,1,0,1,0,0,2,2,0,0,0,0,0,0.0,50.0,50.0,0.0,0.25,0.25,0.25,0.5,0.249,0.5
217,JOEY LUCCHESI,R,1,17,15,2,1,1,0,0,3,5,2,0,0,0,0,10.0,60.0,30.0,0.0,0.067,0.133,0.235,0.2,0.17,0.29411764705882354
218,JOHN BREBBIA,L,1,2,2,1,1,0,0,0,1,1,0,0,0,0,0,100.0,0.0,0.0,0.0,0.0,0.5,0.5,0.5,0.376,0.5
219,JOHN BREBBIA,R,1,2,2,0,0,0,0,0,0,0,0,0,0,0,0,0.0,100.0,0.0,0.0,0.0,0.0,0.0,0.0,-0.011000000000000001,0.0
220,JOHN GANT,L,2,5,3,0,0,0,0,0,0,1,2,0,0,0,2,0.0,100.0,0.0,0.0,0.0,0.0,0.4,0.0,0.095,0.4
221,JOHN GANT,R,2,4,4,1,1,0,0,0,1,1,0,0,0,0,0,33.33,33.33,33.33,0.0,0.0,0.25,0.25,0.25,0.20800000000000002,0.25
222,JOHN RYAN MURPHY,L,1,10,9,4,1,2,0,1,9,0,1,0,0,0,0,33.33,0.0,44.44,22.22,0.556,0.444,0.5,1.0,0.528,1.0
223,JOHN RYAN MURPHY,R,1,7,5,4,3,0,0,1,7,0,2,0,0,0,0,20.0,20.0,60.0,0.0,0.6,0.8,0.857,1.4,0.7340000000000001,1.2857142857142858
224,JON EDWARDS,R,1,2,2,0,0,0,0,0,0,0,0,0,0,0,0,0.0,0.0,50.0,50.0,0.0,0.0,0.0,0.0,0.01,0.0
225,JON LESTER,L,1,10,9,1,0,1,0,0,2,2,1,0,0,0,0,0.0,42.86,57.14,0.0,0.111,0.111,0.2,0.222,0.16,0.3
226,JON LESTER,R,1,13,12,3,2,0,0,1,6,1,1,0,0,0,0,27.27,27.27,18.18,27.27,0.25,0.25,0.308,0.5,0.26,0.5384615384615384
227,JONATHAN HOLDER,L,1,5,5,1,1,0,0,0,1,0,0,0,0,0,0,40.0,40.0,20.0,0.0,0.0,0.2,0.2,0.2,0.141,0.2
228,JONATHAN HOLDER,R,1,5,5,2,1,1,0,0,3,2,0,0,0,0,0,0.0,100.0,0.0,0.0,0.2,0.4,0.4,0.6,0.43700000000000006,0.6
229,JONNY VENTERS,L,1,1,1,0,0,0,0,0,0,0,0,0,0,0,0,0.0,100.0,0.0,0.0,0.0,0.0,0.0,0.0,-0.005,0.0
230,JORDAN HICKS,L,1,2,2,0,0,0,0,0,0,2,0,0,0,0,0,0.0,0.0,0.0,0.0,0.0,0.0,0.0,0.0,-0.013000000000000001,0.0
231,JORDAN HICKS,R,1,1,1,0,0,0,0,0,0,0,0,0,0,0,0,0.0,0.0,100.0,0.0,0.0,0.0,0.0,0.0,-0.011000000000000001,0.0
232,JORDAN ZIMMERMANN,L,1,7,7,0,0,0,0,0,0,3,0,0,0,0,0,50.0,25.0,0.0,25.0,0.0,0.0,0.0,0.0,0.013999999999999999,0.0
233,JORDAN ZIMMERMANN,R,1,15,15,1,1,0,0,0,1,1,0,0,0,0,0,28.57,42.86,21.43,7.14,0.0,0.067,0.067,0.067,0.053,0.06666666666666668
234,JOSE ALVARADO,L,1,2,2,0,0,0,0,0,0,1,0,0,0,0,0,0.0,100.0,0.0,0.0,0.0,0.0,0.0,0.0,-0.002,0.0
235,JOSE ALVARADO,R,2,6,5,1,1,0,0,0,1,2,1,0,0,0,0,0.0,66.67,0.0,33.33,0.0,0.2,0.33299999999999996,0.2,0.215,0.3333333333333333
236,JOSE ALVAREZ,L,1,1,1,0,0,0,0,0,0,0,0,0,0,0,0,0.0,100.0,0.0,0.0,0.0,0.0,0.0,0.0,-0.005,0.0
237,JOSE BERRIOS,L,1,18,17,2,1,1,0,0,3,6,1,0,0,0,0,18.18,45.45,9.09,27.27,0.059000000000000004,0.11800000000000001,0.16699999999999998,0.17600000000000002,0.127,0.2222222222222222
238,JOSE BERRIOS,R,1,8,8,0,0,0,0,0,0,4,0,0,0,0,0,75.0,0.0,25.0,0.0,0.0,0.0,0.0,0.0,0.009000000000000001,0.0
239,JOSE LECLERC,L,1,2,2,1,1,0,0,0,1,0,0,0,0,0,0,0.0,100.0,0.0,0.0,0.0,0.5,0.5,0.5,0.326,0.5
240,JOSE LECLERC,R,1,2,2,0,0,0,0,0,0,0,0,0,0,0,0,50.0,0.0,0.0,50.0,0.0,0.0,0.0,0.0,0.023,0.0
241,JOSE QUINTANA,L,1,12,10,3,2,1,0,0,4,6,2,0,0,0,0,25.0,25.0,50.0,0.0,0.1,0.3,0.41700000000000004,0.4,0.281,0.5
242,JOSE QUINTANA,R,1,8,7,3,2,1,0,0,4,2,1,0,0,0,0,20.0,80.0,0.0,0.0,0.14300000000000002,0.429,0.5,0.5710000000000001,0.335,0.625
243,JOSE URENA,L,1,13,12,4,2,2,0,0,6,1,1,0,0,0,1,36.36,18.18,36.36,9.09,0.16699999999999998,0.33299999999999996,0.385,0.5,0.309,0.5384615384615384
244,JOSE URENA,R,1,11,11,5,1,3,0,1,11,1,0,0,0,0,0,20.0,40.0,30.0,10.0,0.545,0.455,0.455,1.0,0.6509999999999999,1.0
245,JOSH HADER,R,2,9,9,0,0,0,0,0,0,7,0,0,0,0,0,100.0,0.0,0.0,0.0,0.0,0.0,0.0,0.0,-0.012,0.0
246,JOSHUA JAMES,L,1,1,1,0,0,0,0,0,0,1,0,0,0,0,0,0.0,0.0,0.0,0.0,0.0,0.0,0.0,0.0,0.038,0.0
247,JOSHUA JAMES,R,1,3,2,1,1,0,0,0,1,0,1,0,0,0,0,0.0,50.0,0.0,50.0,0.0,0.5,0.667,0.5,0.41,0.6666666666666666
248,JOSH TOMLIN,L,1,2,2,1,1,0,0,0,1,0,0,0,0,0,0,0.0,50.0,50.0,0.0,0.0,0.5,0.5,0.5,0.368,0.5
249,JOSH TOMLIN,R,1,1,1,1,1,0,0,0,1,0,0,0,0,0,0,0.0,0.0,0.0,100.0,0.0,1.0,1.0,1.0,0.74,1.0
250,JUAN NICASIO,L,1,2,2,0,0,0,0,0,0,1,0,0,0,0,0,100.0,0.0,0.0,0.0,0.0,0.0,0.0,0.0,-0.006,0.0
251,JUAN NICASIO,R,1,2,1,0,0,0,0,0,0,0,1,0,0,0,0,0.0,100.0,0.0,0.0,0.0,0.0,0.5,0.0,0.318,0.5
252,JULIO TEHERAN,L,1,7,7,2,2,0,0,0,2,3,0,0,0,0,0,0.0,100.0,0.0,0.0,0.0,0.28600000000000003,0.28600000000000003,0.28600000000000003,0.2,0.2857142857142857
253,JULIO TEHERAN,R,1,14,12,2,1,0,0,1,5,4,2,0,0,0,0,62.5,37.5,0.0,0.0,0.25,0.16699999999999998,0.28600000000000003,0.41700000000000004,0.235,0.5
254,JUNIOR GUERRA,L,2,4,4,1,0,0,0,1,4,0,0,0,0,0,0,25.0,0.0,25.0,50.0,0.75,0.25,0.25,1.0,0.435,1.0
255,JUNIOR GUERRA,R,2,6,6,1,1,0,0,0,1,1,0,0,0,0,0,40.0,20.0,20.0,20.0,0.0,0.16699999999999998,0.16699999999999998,0.16699999999999998,0.139,0.16666666666666666
256,JUSTIN ANDERSON,L,1,1,1,0,0,0,0,0,0,0,0,0,0,0,0,0.0,0.0,100.0,0.0,0.0,0.0,0.0,0.0,-0.009000000000000001,0.0
257,JUSTIN ANDERSON,R,1,4,4,1,1,0,0,0,1,0,0,0,0,0,0,0.0,75.0,25.0,0.0,0.0,0.25,0.25,0.25,0.183,0.25
258,JUSTIN MILLER,R,1,1,1,1,1,0,0,0,1,0,0,0,0,0,0,0.0,0.0,100.0,0.0,0.0,1.0,1.0,1.0,0.6859999999999999,1.0
259,JUSTIN VERLANDER,L,1,15,13,1,0,0,0,1,4,5,0,2,0,0,0,25.0,62.5,12.5,0.0,0.231,0.077,0.2,0.308,0.242,0.26666666666666666
260,JUSTIN VERLANDER,R,1,12,11,2,1,1,0,0,3,4,1,0,0,0,0,0.0,57.14,42.86,0.0,0.091,0.182,0.25,0.273,0.195,0.3333333333333333
261,JUSTIN WILSON,L,1,1,1,0,0,0,0,0,0,0,0,0,0,0,0,100.0,0.0,0.0,0.0,0.0,0.0,0.0,0.0,0.009000000000000001,0.0
262,JUSTIN WILSON,R,1,2,2,0,0,0,0,0,0,0,0,0,0,0,0,50.0,50.0,0.0,0.0,0.0,0.0,0.0,0.0,0.009000000000000001,0.0
263,KELVIN HERRERA,L,1,1,1,0,0,0,0,0,0,0,0,0,0,0,0,0.0,0.0,0.0,100.0,0.0,0.0,0.0,0.0,0.006,0.0
264,KELVIN HERRERA,R,1,2,2,0,0,0,0,0,0,0,0,0,0,0,0,50.0,0.0,50.0,0.0,0.0,0.0,0.0,0.0,0.006,0.0
265,KEN GILES,L,2,2,2,0,0,0,0,0,0,2,0,0,0,0,0,0.0,0.0,0.0,0.0,0.0,0.0,0.0,0.0,0.012,0.0
266,KEN GILES,R,2,5,5,1,1,0,0,0,1,3,0,0,0,0,0,50.0,50.0,0.0,0.0,0.0,0.2,0.2,0.2,0.153,0.2
267,KENLEY JANSEN,L,1,2,2,0,0,0,0,0,0,1,0,0,0,0,0,0.0,100.0,0.0,0.0,0.0,0.0,0.0,0.0,-0.005,0.0
268,KENLEY JANSEN,R,1,1,1,0,0,0,0,0,0,0,0,0,0,0,0,0.0,0.0,0.0,100.0,0.0,0.0,0.0,0.0,-0.004,0.0
269,KENTA MAEDA,L,1,17,16,3,1,0,0,2,9,5,1,0,0,0,1,27.27,54.55,9.09,9.09,0.375,0.188,0.235,0.563,0.255,0.5882352941176471
270,KENTA MAEDA,R,1,8,7,2,1,0,0,1,5,1,1,0,0,0,1,50.0,33.33,16.67,0.0,0.429,0.28600000000000003,0.375,0.7140000000000001,0.33399999999999996,0.75
271,KEVIN MCCARTHY,R,1,2,1,1,1,0,0,0,1,0,1,0,0,0,0,0.0,0.0,100.0,0.0,0.0,1.0,1.0,1.0,0.626,1.0
272,KIRBY YATES,L,2,6,5,1,1,0,0,0,1,3,1,0,0,0,0,0.0,100.0,0.0,0.0,0.0,0.2,0.33299999999999996,0.2,0.226,0.3333333333333333
273,KIRBY YATES,R,2,3,2,0,0,0,0,0,0,1,0,1,0,0,0,0.0,0.0,100.0,0.0,0.0,0.0,0.33299999999999996,0.0,0.215,0.0
274,KYLE BARRACLOUGH,L,2,3,3,0,0,0,0,0,0,0,0,0,0,0,0,0.0,66.67,33.33,0.0,0.0,0.0,0.0,0.0,0.003,0.0
275,KYLE BARRACLOUGH,R,2,3,3,2,1,1,0,0,3,0,0,0,0,0,0,0.0,0.0,100.0,0.0,0.33299999999999996,0.667,0.667,1.0,0.551,1.0
276,KYLE BIRD,L,1,1,0,0,0,0,0,0,0,0,1,0,0,0,0,0.0,0.0,0.0,0.0,0.0,0.0,1.0,0.0,0.502,1.0
277,KYLE DOWDY,L,1,4,3,1,1,0,0,0,1,0,1,0,0,0,1,0.0,66.67,33.33,0.0,0.0,0.33299999999999996,0.5,0.33299999999999996,0.21100000000000002,0.5
278,KYLE DOWDY,R,1,7,6,3,1,1,0,1,7,1,1,0,0,0,0,60.0,40.0,0.0,0.0,0.667,0.5,0.5710000000000001,1.167,0.52,1.1428571428571428
279,KYLE FREELAND,L,1,1,1,1,0,0,0,1,4,0,0,0,0,0,0,100.0,0.0,0.0,0.0,3.0,1.0,1.0,4.0,1.9869999999999999,4.0
280,KYLE FREELAND,R,1,25,23,1,1,0,0,0,1,5,1,1,0,0,0,16.67,66.67,11.11,5.56,0.0,0.043,0.12,0.043,0.10400000000000001,0.08
281,LIAM HENDRIKS,L,1,3,1,0,0,0,0,0,0,1,1,0,0,1,0,0.0,100.0,0.0,0.0,0.0,0.0,0.5,0.0,0.3,0.3333333333333333
282,LIAM HENDRIKS,R,3,8,5,1,1,0,0,0,1,1,2,0,1,0,2,20.0,80.0,0.0,0.0,0.0,0.2,0.375,0.2,0.20800000000000002,0.375
283,LOU TRIVINO,L,4,5,5,0,0,0,0,0,0,2,0,0,0,0,0,0.0,33.33,0.0,66.67,0.0,0.0,0.0,0.0,-0.01,0.0
284,LOU TRIVINO,R,4,9,8,1,0,1,0,0,2,3,1,0,0,0,0,40.0,20.0,0.0,40.0,0.125,0.125,0.222,0.25,0.18899999999999997,0.3333333333333333
285,LUIS CASTILLO,L,1,14,12,1,1,0,0,0,1,6,2,0,0,0,0,16.67,33.33,33.33,16.67,0.0,0.083,0.214,0.083,0.13699999999999998,0.21428571428571427
286,LUIS CASTILLO,R,1,8,6,1,1,0,0,0,1,2,1,0,0,1,0,20.0,80.0,0.0,0.0,0.0,0.16699999999999998,0.28600000000000003,0.16699999999999998,0.19399999999999998,0.25
287,LUIS GARCIA,L,1,2,2,0,0,0,0,0,0,0,0,0,0,0,0,0.0,50.0,50.0,0.0,0.0,0.0,0.0,0.0,-0.009000000000000001,0.0
288,LUIS GARCIA,R,1,1,1,0,0,0,0,0,0,0,0,0,0,0,0,0.0,100.0,0.0,0.0,0.0,0.0,0.0,0.0,-0.009000000000000001,0.0
289,LUKE BARD,L,1,1,1,0,0,0,0,0,0,0,0,0,0,0,0,0.0,0.0,0.0,100.0,0.0,0.0,0.0,0.0,-0.009000000000000001,0.0
290,LUKE BARD,R,1,3,3,1,1,0,0,0,1,1,0,0,0,0,0,50.0,0.0,50.0,0.0,0.0,0.33299999999999996,0.33299999999999996,0.33299999999999996,0.28,0.3333333333333333
291,LUKE JACKSON,L,1,3,2,0,0,0,0,0,0,0,1,0,0,0,0,50.0,50.0,0.0,0.0,0.0,0.0,0.33299999999999996,0.0,0.132,0.3333333333333333
292,LUKE JACKSON,R,1,4,3,2,1,0,0,1,5,0,1,0,0,0,0,33.33,66.67,0.0,0.0,1.0,0.667,0.75,1.6669999999999998,0.768,1.5
293,MADISON BUMGARNER,L,1,3,3,0,0,0,0,0,0,1,0,0,0,0,0,0.0,50.0,50.0,0.0,0.0,0.0,0.0,0.0,0.003,0.0
294,MADISON BUMGARNER,R,1,22,21,5,3,1,0,1,9,8,1,0,0,0,1,46.15,23.08,23.08,7.69,0.19,0.23800000000000002,0.273,0.429,0.22899999999999998,0.4545454545454545
295,MANNY BANUELOS,L,1,1,1,0,0,0,0,0,0,0,0,0,0,0,0,0.0,100.0,0.0,0.0,0.0,0.0,0.0,0.0,-0.015,0.0
296,MANNY BANUELOS,R,1,4,4,2,2,0,0,0,2,1,0,0,0,0,0,0.0,66.67,33.33,0.0,0.0,0.5,0.5,0.5,0.349,0.5
297,MARCO ESTRADA,L,2,20,19,0,0,0,0,0,0,4,1,0,0,0,0,40.0,13.33,6.67,40.0,0.0,0.0,0.05,0.0,0.024,0.05
298,MARCO ESTRADA,R,2,23,21,7,3,2,0,2,15,0,1,1,0,0,1,47.62,19.05,14.29,19.05,0.381,0.33299999999999996,0.391,0.7140000000000001,0.37799999999999995,0.6956521739130435
299,MARCO GONZALES,L,2,15,13,2,2,0,0,0,2,1,1,0,1,0,0,23.08,53.85,15.38,7.69,0.0,0.154,0.2,0.154,0.17600000000000002,0.2
300,MARCO GONZALES,R,2,37,36,14,6,6,0,2,26,7,1,0,0,0,2,31.03,34.48,24.14,10.34,0.33299999999999996,0.389,0.405,0.722,0.40299999999999997,0.7297297297297297
301,MARCUS STROMAN,L,1,9,8,1,1,0,0,0,1,3,1,0,0,0,0,60.0,20.0,20.0,0.0,0.0,0.125,0.222,0.125,0.153,0.2222222222222222
302,MARCUS STROMAN,R,1,16,13,1,1,0,0,0,1,4,3,0,0,0,1,11.11,66.67,11.11,11.11,0.0,0.077,0.25,0.077,0.145,0.25
303,MARK MELANCON,R,1,3,3,1,1,0,0,0,1,1,0,0,0,0,1,0.0,50.0,50.0,0.0,0.0,0.33299999999999996,0.33299999999999996,0.33299999999999996,0.139,0.3333333333333333
304,MASAHIRO TANAKA,L,1,13,13,3,3,0,0,0,3,3,0,0,0,0,0,10.0,70.0,20.0,0.0,0.0,0.231,0.231,0.231,0.166,0.2307692307692308
305,MASAHIRO TANAKA,R,1,9,9,3,2,1,0,0,4,2,0,0,0,0,0,42.86,42.86,14.29,0.0,0.111,0.33299999999999996,0.33299999999999996,0.444,0.239,0.4444444444444444
306,MATT ALBERS,L,1,1,1,0,0,0,0,0,0,1,0,0,0,0,0,0.0,0.0,0.0,0.0,0.0,0.0,0.0,0.0,-0.013000000000000001,0.0
307,MATT ALBERS,R,1,4,3,1,1,0,0,0,1,1,1,0,0,0,0,0.0,0.0,100.0,0.0,0.0,0.33299999999999996,0.5,0.33299999999999996,0.35700000000000004,0.5
308,MATTHEW ANDRIESE,L,1,4,3,0,0,0,0,0,0,0,1,0,0,0,0,33.33,66.67,0.0,0.0,0.0,0.0,0.25,0.0,0.153,0.25
309,MATTHEW ANDRIESE,R,1,7,3,0,0,0,0,0,0,0,3,1,0,0,0,0.0,66.67,33.33,0.0,0.0,0.0,0.5710000000000001,0.0,0.34299999999999997,0.42857142857142855
310,MATT BARNES,L,1,1,1,0,0,0,0,0,0,1,0,0,0,0,0,0.0,0.0,0.0,0.0,0.0,0.0,0.0,0.0,-0.013999999999999999,0.0
311,MATT BARNES,R,1,2,2,0,0,0,0,0,0,1,0,0,0,0,0,0.0,100.0,0.0,0.0,0.0,0.0,0.0,0.0,-0.013000000000000001,0.0
312,MATT BOYD,L,1,2,2,1,1,0,0,0,1,1,0,0,0,0,0,0.0,100.0,0.0,0.0,0.0,0.5,0.5,0.5,0.306,0.5
313,MATT BOYD,R,1,19,18,4,3,0,1,0,6,9,1,0,0,0,0,22.22,33.33,22.22,22.22,0.111,0.222,0.263,0.33299999999999996,0.207,0.3684210526315789
314,MATTHEW FESTA,L,2,2,1,0,0,0,0,0,0,0,1,0,0,0,0,100.0,0.0,0.0,0.0,0.0,0.0,0.5,0.0,0.298,0.5
315,MATTHEW FESTA,R,2,8,8,1,1,0,0,0,1,1,0,0,0,0,0,14.29,42.86,28.57,14.29,0.0,0.125,0.125,0.125,0.09300000000000001,0.125
316,MATT GRACE,L,2,4,4,2,2,0,0,0,2,1,0,0,0,0,0,0.0,0.0,66.67,33.33,0.0,0.5,0.5,0.5,0.34700000000000003,0.5
317,MATT HARVEY,L,1,9,6,1,1,0,0,0,1,0,3,0,0,0,0,16.67,66.67,0.0,16.67,0.0,0.16699999999999998,0.444,0.16699999999999998,0.28300000000000003,0.4444444444444444
318,MATT HARVEY,R,1,15,15,3,1,1,0,1,7,1,0,0,0,0,1,28.57,42.86,14.29,14.29,0.267,0.2,0.2,0.467,0.21600000000000003,0.4666666666666667
319,MATT SHOEMAKER,L,1,9,8,0,0,0,0,0,0,4,1,0,0,0,0,0.0,50.0,50.0,0.0,0.0,0.0,0.111,0.0,0.077,0.1111111111111111
320,MATT SHOEMAKER,R,1,16,15,2,0,1,1,0,5,3,1,0,0,0,0,8.33,50.0,8.33,33.33,0.2,0.133,0.188,0.33299999999999996,0.179,0.375
321,MATTHEW KOCH,L,2,13,12,6,3,0,0,3,15,0,0,1,0,0,0,50.0,8.33,33.33,8.33,0.75,0.5,0.5379999999999999,1.25,0.613,1.1538461538461535
322,MATTHEW KOCH,R,2,13,10,2,1,0,0,1,5,1,2,1,0,0,0,33.33,11.11,22.22,33.33,0.3,0.2,0.385,0.5,0.327,0.5384615384615384
323,MAX FRIED,R,1,3,3,0,0,0,0,0,0,0,0,0,0,0,0,0.0,100.0,0.0,0.0,0.0,0.0,0.0,0.0,-0.005,0.0
324,MAX SCHERZER,L,1,16,13,1,0,0,0,1,4,6,3,0,0,0,0,57.14,28.57,14.29,0.0,0.231,0.077,0.25,0.308,0.209,0.4375
325,MAX SCHERZER,R,1,12,12,1,1,0,0,0,1,6,0,0,0,0,0,0.0,83.33,16.67,0.0,0.0,0.083,0.083,0.083,0.064,0.08333333333333333
326,MIGUEL CASTRO,L,1,1,1,0,0,0,0,0,0,1,0,0,0,0,0,0.0,0.0,0.0,0.0,0.0,0.0,0.0,0.0,0.021,0.0
327,MIGUEL CASTRO,R,1,7,6,1,1,0,0,0,1,0,1,0,0,0,0,0.0,83.33,0.0,16.67,0.0,0.16699999999999998,0.28600000000000003,0.16699999999999998,0.18100000000000002,0.2857142857142857
328,MIKE DUNN,L,2,2,2,1,1,0,0,0,1,0,0,0,0,0,0,0.0,100.0,0.0,0.0,0.0,0.5,0.5,0.5,0.363,0.5
329,MIKE DUNN,R,2,4,3,0,0,0,0,0,0,0,1,0,0,0,0,66.67,33.33,0.0,0.0,0.0,0.0,0.25,0.0,0.16899999999999998,0.25
330,MIKE FIERS,L,2,15,12,3,2,1,0,0,4,0,2,1,0,0,1,33.33,41.67,16.67,8.33,0.083,0.25,0.4,0.33299999999999996,0.263,0.4
331,MIKE FIERS,R,2,22,18,2,1,0,0,1,5,5,3,1,0,0,1,23.08,30.77,15.38,30.77,0.16699999999999998,0.111,0.273,0.278,0.204,0.3636363636363637
332,MIKE LEAKE,L,1,18,16,6,5,1,0,0,7,5,2,0,0,0,0,0.0,81.82,18.18,0.0,0.063,0.375,0.444,0.43799999999999994,0.32899999999999996,0.5
333,MIKE LEAKE,R,1,9,9,1,1,0,0,0,1,2,0,0,0,0,0,28.57,0.0,42.86,28.57,0.0,0.111,0.111,0.111,0.094,0.1111111111111111
334,MIKE MAYERS,L,1,4,3,0,0,0,0,0,0,2,1,0,0,0,0,0.0,0.0,0.0,100.0,0.0,0.0,0.25,0.0,0.10800000000000001,0.25
335,MIKE MAYERS,R,1,3,3,1,1,0,0,0,1,0,0,0,0,0,0,0.0,0.0,100.0,0.0,0.0,0.33299999999999996,0.33299999999999996,0.33299999999999996,0.248,0.3333333333333333
336,MIKE MINOR,L,1,5,3,2,2,0,0,0,2,0,2,0,0,0,0,0.0,100.0,0.0,0.0,0.0,0.667,0.8,0.667,0.441,0.8
337,MIKE MINOR,R,1,16,15,3,1,1,0,1,7,3,0,1,0,0,1,25.0,66.67,8.33,0.0,0.267,0.2,0.25,0.467,0.214,0.4375
338,MICHAEL MONTGOMERY,L,1,1,1,1,0,0,0,1,4,0,0,0,0,0,0,100.0,0.0,0.0,0.0,3.0,1.0,1.0,4.0,1.4169999999999998,4.0
339,MICHAEL MONTGOMERY,R,1,1,1,0,0,0,0,0,0,0,0,0,0,0,0,0.0,0.0,100.0,0.0,0.0,0.0,0.0,0.0,0.023,0.0
340,MIKE WRIGHT,L,1,1,1,0,0,0,0,0,0,1,0,0,0,0,0,0.0,0.0,0.0,0.0,0.0,0.0,0.0,0.0,0.021,0.0
341,MIKE WRIGHT,R,2,7,4,1,1,0,0,0,1,2,1,1,1,0,0,100.0,0.0,0.0,0.0,0.0,0.25,0.429,0.25,0.316,0.2857142857142857
342,MILES MIKOLAS,L,1,9,8,2,0,0,0,2,8,0,1,0,0,0,0,50.0,37.5,0.0,12.5,0.75,0.25,0.33299999999999996,1.0,0.461,1.0
343,MILES MIKOLAS,R,1,12,12,3,2,0,0,1,6,3,0,0,0,0,0,11.11,66.67,22.22,0.0,0.25,0.25,0.25,0.5,0.271,0.5
344,MYCHAL GIVENS,R,1,4,4,1,1,0,0,0,1,3,0,0,0,0,0,0.0,0.0,100.0,0.0,0.0,0.25,0.25,0.25,0.17300000000000001,0.25
345,NATE JONES,R,2,4,3,1,1,0,0,0,1,1,1,0,0,0,0,0.0,50.0,50.0,0.0,0.0,0.33299999999999996,0.5,0.33299999999999996,0.312,0.5
346,NATE KARNS,L,1,1,1,0,0,0,0,0,0,0,0,0,0,0,0,100.0,0.0,0.0,0.0,0.0,0.0,0.0,0.0,0.023,0.0
347,NATE KARNS,R,1,8,5,1,1,0,0,0,1,1,3,0,0,0,1,0.0,100.0,0.0,0.0,0.0,0.2,0.5,0.2,0.256,0.5
348,NATHAN EOVALDI,L,1,11,8,3,1,0,0,2,9,0,1,0,2,0,0,40.0,20.0,30.0,10.0,0.75,0.375,0.364,1.125,0.53,0.9090909090909092
349,NATHAN EOVALDI,R,1,15,14,5,2,2,0,1,10,3,1,0,0,0,0,18.18,18.18,63.64,0.0,0.35700000000000004,0.35700000000000004,0.4,0.7140000000000001,0.45799999999999996,0.7333333333333333
350,NICK ANDERSON,L,2,2,2,0,0,0,0,0,0,1,0,0,0,0,0,0.0,100.0,0.0,0.0,0.0,0.0,0.0,0.0,-0.032,0.0
351,NICK ANDERSON,R,1,2,2,0,0,0,0,0,0,2,0,0,0,0,0,0.0,0.0,0.0,0.0,0.0,0.0,0.0,0.0,-0.034,0.0
352,NICK BURDI,L,1,2,2,0,0,0,0,0,0,2,0,0,0,0,0,0.0,0.0,0.0,0.0,0.0,0.0,0.0,0.0,0.005,0.0
353,NICK BURDI,R,1,1,1,0,0,0,0,0,0,1,0,0,0,0,0,0.0,0.0,0.0,0.0,0.0,0.0,0.0,0.0,0.005,0.0
354,NICK MARGEVICIUS,L,1,9,7,3,2,1,0,0,4,0,0,2,0,0,0,14.29,28.57,42.86,14.29,0.14300000000000002,0.429,0.556,0.5710000000000001,0.39799999999999996,0.4444444444444444
355,NICK MARGEVICIUS,R,1,10,10,0,0,0,0,0,0,5,0,0,0,0,1,20.0,80.0,0.0,0.0,0.0,0.0,0.0,0.0,-0.018000000000000002,0.0
356,NICK PIVETTA,L,1,10,9,5,3,1,1,0,8,0,1,0,0,0,0,22.22,22.22,55.56,0.0,0.33299999999999996,0.556,0.6,0.889,0.512,0.9
357,NICK PIVETTA,R,1,12,12,3,2,0,0,1,6,4,0,0,0,0,1,0.0,37.5,50.0,12.5,0.25,0.25,0.25,0.5,0.244,0.5
358,NICK RUMBELOW,L,1,1,1,1,1,0,0,0,1,0,0,0,0,0,0,0.0,0.0,100.0,0.0,0.0,1.0,1.0,1.0,0.802,1.0
359,NICK RUMBELOW,R,2,5,4,1,0,0,0,1,4,2,1,0,0,0,0,50.0,50.0,0.0,0.0,0.75,0.25,0.4,1.0,0.618,1.0
360,NICK VINCENT,L,1,1,1,0,0,0,0,0,0,0,0,0,0,0,0,100.0,0.0,0.0,0.0,0.0,0.0,0.0,0.0,0.043,0.0
361,NICK VINCENT,R,1,2,2,1,1,0,0,0,1,0,0,0,0,0,1,0.0,100.0,0.0,0.0,0.0,0.5,0.5,0.5,0.207,0.5
362,NOAH SYNDERGAARD,L,1,6,5,3,2,1,0,0,4,1,0,1,0,0,0,25.0,75.0,0.0,0.0,0.2,0.6,0.667,0.8,0.485,0.6666666666666666
363,NOAH SYNDERGAARD,R,1,19,18,4,1,2,0,1,9,6,0,0,1,0,0,15.38,61.54,23.08,0.0,0.278,0.222,0.21100000000000002,0.5,0.248,0.4736842105263158
364,NOE RAMIREZ,L,1,3,3,0,0,0,0,0,0,1,0,0,0,0,0,50.0,50.0,0.0,0.0,0.0,0.0,0.0,0.0,-0.01,0.0
365,NOE RAMIREZ,R,1,6,5,2,2,0,0,0,2,2,1,0,0,0,0,0.0,66.67,33.33,0.0,0.0,0.4,0.5,0.4,0.344,0.5
366,OLIVER PEREZ,L,1,1,1,0,0,0,0,0,0,0,0,0,0,0,0,0.0,100.0,0.0,0.0,0.0,0.0,0.0,0.0,0.01,0.0
367,OLIVER PEREZ,R,1,1,0,0,0,0,0,0,0,0,0,1,0,0,0,0.0,0.0,0.0,0.0,0.0,0.0,1.0,0.0,0.56,0.0
368,PABLO LOPEZ,L,1,10,9,3,3,0,0,0,3,4,0,0,1,0,0,16.67,50.0,16.67,16.67,0.0,0.33299999999999996,0.3,0.33299999999999996,0.261,0.3
369,PABLO LOPEZ,R,1,12,11,2,2,0,0,0,2,3,0,1,0,0,0,37.5,25.0,37.5,0.0,0.0,0.182,0.25,0.182,0.188,0.16666666666666666
370,PAT NESHEK,L,2,3,3,1,1,0,0,0,1,2,0,0,0,0,0,0.0,100.0,0.0,0.0,0.0,0.33299999999999996,0.33299999999999996,0.33299999999999996,0.242,0.3333333333333333
371,PAT NESHEK,R,2,2,2,0,0,0,0,0,0,0,0,0,0,0,1,0.0,50.0,50.0,0.0,0.0,0.0,0.0,0.0,-0.16899999999999998,0.0
372,PAUL FRY,L,1,2,2,1,0,0,0,1,4,0,0,0,0,0,0,50.0,50.0,0.0,0.0,1.5,0.5,0.5,2.0,0.723,2.0
373,PAUL FRY,R,1,4,3,1,0,1,0,0,2,2,1,0,0,0,0,0.0,0.0,100.0,0.0,0.33299999999999996,0.33299999999999996,0.5,0.667,0.355,0.75
374,PEDRO BAEZ,L,1,3,2,0,0,0,0,0,0,1,1,0,0,0,0,0.0,100.0,0.0,0.0,0.0,0.0,0.33299999999999996,0.0,0.191,0.3333333333333333
375,PEDRO BAEZ,R,1,1,1,0,0,0,0,0,0,1,0,0,0,0,0,0.0,0.0,0.0,0.0,0.0,0.0,0.0,0.0,-0.006,0.0
376,PEDRO STROP,L,1,1,1,0,0,0,0,0,0,0,0,0,0,0,0,0.0,0.0,100.0,0.0,0.0,0.0,0.0,0.0,0.023,0.0
377,PEDRO STROP,R,1,2,2,1,1,0,0,0,1,0,0,0,0,0,0,0.0,100.0,0.0,0.0,0.0,0.5,0.5,0.5,0.326,0.5
378,PHIL MATON,L,1,3,3,1,0,1,0,0,2,0,0,0,0,0,0,0.0,33.33,33.33,33.33,0.33299999999999996,0.33299999999999996,0.33299999999999996,0.667,0.332,0.6666666666666666
379,PHIL MATON,R,2,2,2,1,0,0,0,1,4,1,0,0,0,0,0,100.0,0.0,0.0,0.0,1.5,0.5,0.5,2.0,0.813,2.0
380,RAISEL IGLESIAS,L,1,4,2,1,0,0,0,1,4,0,2,0,0,0,0,100.0,0.0,0.0,0.0,1.5,0.5,0.75,2.0,0.685,1.5
381,RAISEL IGLESIAS,R,1,3,3,0,0,0,0,0,0,1,0,0,0,0,0,0.0,50.0,0.0,50.0,0.0,0.0,0.0,0.0,0.02,0.0
382,RANDY ROSARIO,L,1,2,2,0,0,0,0,0,0,1,0,0,0,0,0,0.0,100.0,0.0,0.0,0.0,0.0,0.0,0.0,0.022000000000000002,0.0
383,RANDY ROSARIO,R,1,1,1,0,0,0,0,0,0,1,0,0,0,0,0,0.0,0.0,0.0,0.0,0.0,0.0,0.0,0.0,0.021,0.0
384,REED GARRETT,L,1,1,1,0,0,0,0,0,0,0,0,0,0,0,0,0.0,100.0,0.0,0.0,0.0,0.0,0.0,0.0,0.013999999999999999,0.0
385,REED GARRETT,R,1,2,2,0,0,0,0,0,0,1,0,0,0,0,0,0.0,0.0,0.0,100.0,0.0,0.0,0.0,0.0,0.013000000000000001,0.0
386,REYES MORONTA,L,1,2,2,1,0,1,0,0,2,0,0,0,0,0,0,0.0,100.0,0.0,0.0,0.5,0.5,0.5,1.0,0.498,1.0
387,REYES MORONTA,R,1,5,5,0,0,0,0,0,0,5,0,0,0,0,0,0.0,0.0,0.0,0.0,0.0,0.0,0.0,0.0,-0.002,0.0
388,REYNALDO LOPEZ,L,1,10,8,4,3,1,0,0,5,1,1,1,0,0,0,28.57,14.29,28.57,28.57,0.125,0.5,0.6,0.625,0.429,0.6
389,REYNALDO LOPEZ,R,1,12,9,2,1,1,0,0,3,1,3,0,0,0,1,50.0,37.5,0.0,12.5,0.111,0.222,0.41700000000000004,0.33299999999999996,0.276,0.5
390,RICHARD BLEIER,L,1,1,1,0,0,0,0,0,0,0,0,0,0,0,0,0.0,0.0,100.0,0.0,0.0,0.0,0.0,0.0,0.004,0.0
391,RICHARD BLEIER,R,1,3,3,3,1,1,0,1,7,0,0,0,0,0,0,33.33,0.0,66.67,0.0,1.3330000000000002,1.0,1.0,2.333,0.976,2.333333333333333
392,RICHARD RODRIGUEZ,L,1,3,2,1,0,0,0,1,4,0,1,0,0,0,0,100.0,0.0,0.0,0.0,1.5,0.5,0.667,2.0,0.713,1.6666666666666667
393,RICHARD RODRIGUEZ,R,1,2,2,0,0,0,0,0,0,1,0,0,0,0,0,0.0,0.0,100.0,0.0,0.0,0.0,0.0,0.0,0.033,0.0
394,ROBBIE ERLIN,L,1,4,3,1,1,0,0,0,1,1,1,0,0,0,0,0.0,0.0,50.0,50.0,0.0,0.33299999999999996,0.5,0.33299999999999996,0.32299999999999995,0.5
395,ROBBIE ERLIN,R,1,3,3,0,0,0,0,0,0,1,0,0,0,0,0,0.0,50.0,0.0,50.0,0.0,0.0,0.0,0.0,0.022000000000000002,0.0
396,ROBBIE RAY,L,1,5,5,1,1,0,0,0,1,3,0,0,0,0,0,0.0,50.0,50.0,0.0,0.0,0.2,0.2,0.2,0.14300000000000002,0.2
397,ROBBIE RAY,R,1,18,11,2,1,0,0,1,5,6,5,0,0,2,0,28.57,42.86,0.0,28.57,0.273,0.182,0.43799999999999994,0.455,0.332,0.5555555555555556
398,ROBERT STOCK,L,2,3,3,1,0,1,0,0,2,1,0,0,0,0,0,0.0,100.0,0.0,0.0,0.33299999999999996,0.33299999999999996,0.33299999999999996,0.667,0.324,0.6666666666666666
399,ROBERT STOCK,R,2,5,4,1,1,0,0,0,1,1,1,0,0,0,0,33.33,66.67,0.0,0.0,0.0,0.25,0.4,0.25,0.27,0.4
400,ROBERTO OSUNA,L,1,1,1,0,0,0,0,0,0,0,0,0,0,0,0,100.0,0.0,0.0,0.0,0.0,0.0,0.0,0.0,-0.001,0.0
401,ROBERTO OSUNA,R,1,2,2,0,0,0,0,0,0,1,0,0,0,0,0,100.0,0.0,0.0,0.0,0.0,0.0,0.0,0.0,-0.002,0.0
402,ROENIS ELIAS,L,2,3,3,1,1,0,0,0,1,1,0,0,0,0,0,50.0,0.0,50.0,0.0,0.0,0.33299999999999996,0.33299999999999996,0.33299999999999996,0.249,0.3333333333333333
403,ROENIS ELIAS,R,3,12,11,2,1,1,0,0,3,3,1,0,0,0,0,12.5,50.0,25.0,12.5,0.091,0.182,0.25,0.273,0.19899999999999998,0.3333333333333333
404,ROSS STRIPLING,L,1,16,15,3,3,0,0,0,3,5,1,0,0,0,0,10.0,70.0,10.0,10.0,0.0,0.2,0.25,0.2,0.177,0.25
405,ROSS STRIPLING,R,1,4,4,0,0,0,0,0,0,0,0,0,0,0,0,0.0,75.0,0.0,25.0,0.0,0.0,0.0,0.0,0.006,0.0
406,RUSSELL MARTIN,L,1,1,1,0,0,0,0,0,0,0,0,0,0,0,0,0.0,100.0,0.0,0.0,0.0,0.0,0.0,0.0,-0.004,0.0
407,RUSSELL MARTIN,R,1,2,2,0,0,0,0,0,0,0,0,0,0,0,0,50.0,50.0,0.0,0.0,0.0,0.0,0.0,0.0,-0.004,0.0
408,RYAN BUCHTER,L,3,5,3,1,1,0,0,0,1,0,1,1,0,0,0,66.67,0.0,33.33,0.0,0.0,0.33299999999999996,0.6,0.33299999999999996,0.396,0.4
409,RYAN BUCHTER,R,1,1,0,0,0,0,0,0,0,0,1,0,0,0,0,0.0,0.0,0.0,0.0,0.0,0.0,1.0,0.0,0.6409999999999999,1.0
410,RYAN BURR,L,1,3,3,1,0,0,1,0,3,0,0,0,0,0,0,0.0,66.67,33.33,0.0,0.667,0.33299999999999996,0.33299999999999996,1.0,0.425,1.0
411,RYAN BURR,R,1,1,0,0,0,0,0,0,0,0,1,0,0,0,0,0.0,0.0,0.0,0.0,0.0,0.0,1.0,0.0,0.5529999999999999,1.0
412,RYAN DULL,L,1,1,1,0,0,0,0,0,0,0,0,0,0,0,0,0.0,100.0,0.0,0.0,0.0,0.0,0.0,0.0,0.05,0.0
413,RYAN DULL,R,1,4,3,2,0,1,0,1,6,1,1,0,0,0,0,50.0,0.0,50.0,0.0,1.3330000000000002,0.667,0.75,2.0,0.863,1.75
414,RYAN PRESSLY,L,1,3,3,0,0,0,0,0,0,2,0,0,0,0,0,0.0,100.0,0.0,0.0,0.0,0.0,0.0,0.0,0.016,0.0
415,RYAN PRESSLY,R,1,1,1,1,1,0,0,0,1,0,0,0,0,0,0,0.0,0.0,100.0,0.0,0.0,1.0,1.0,1.0,0.725,1.0
416,RYNE STANEK,L,1,3,3,0,0,0,0,0,0,0,0,0,0,0,0,33.33,0.0,66.67,0.0,0.0,0.0,0.0,0.0,-0.001,0.0
417,RYNE STANEK,R,1,4,3,0,0,0,0,0,0,1,1,0,0,0,0,0.0,50.0,0.0,50.0,0.0,0.0,0.25,0.0,0.142,0.25
418,SAM DYSON,L,1,1,1,0,0,0,0,0,0,1,0,0,0,0,0,0.0,0.0,0.0,0.0,0.0,0.0,0.0,0.0,0.001,0.0
419,SAM DYSON,R,1,2,2,0,0,0,0,0,0,0,0,0,0,0,0,0.0,50.0,50.0,0.0,0.0,0.0,0.0,0.0,0.003,0.0
420,SCOTT ALEXANDER,L,1,1,1,0,0,0,0,0,0,1,0,0,0,0,0,0.0,0.0,0.0,0.0,0.0,0.0,0.0,0.0,-0.006,0.0
421,SCOTT ALEXANDER,R,1,1,1,0,0,0,0,0,0,0,0,0,0,0,0,0.0,100.0,0.0,0.0,0.0,0.0,0.0,0.0,-0.004,0.0
422,SCOTT OBERG,L,1,1,1,1,0,0,0,1,4,0,0,0,0,0,0,100.0,0.0,0.0,0.0,3.0,1.0,1.0,4.0,1.9869999999999999,4.0
423,SCOTT OBERG,R,1,3,3,0,0,0,0,0,0,1,0,0,0,0,0,50.0,50.0,0.0,0.0,0.0,0.0,0.0,0.0,-0.032,0.0
424,SERANTHONY DOMINGUEZ,L,1,2,1,0,0,0,0,0,0,1,1,0,0,0,0,0.0,0.0,0.0,0.0,0.0,0.0,0.5,0.0,0.289,0.5
425,SERANTHONY DOMINGUEZ,R,1,2,2,0,0,0,0,0,0,1,0,0,0,0,0,0.0,100.0,0.0,0.0,0.0,0.0,0.0,0.0,-0.006,0.0
426,SERGIO ROMO,L,1,5,4,3,2,1,0,0,4,0,1,0,0,0,0,25.0,25.0,50.0,0.0,0.25,0.75,0.8,1.0,0.71,1.0
427,SERGIO ROMO,R,1,1,1,0,0,0,0,0,0,0,0,0,0,0,0,0.0,0.0,100.0,0.0,0.0,0.0,0.0,0.0,-0.031,0.0
428,SETH LUGO,L,1,4,3,0,0,0,0,0,0,2,1,0,0,0,0,100.0,0.0,0.0,0.0,0.0,0.0,0.25,0.0,0.153,0.25
429,SETH LUGO,R,2,7,5,1,0,1,0,0,2,3,1,1,0,0,0,0.0,50.0,50.0,0.0,0.2,0.2,0.429,0.4,0.316,0.42857142857142855
430,SEUNG HWAN OH,R,1,4,4,1,0,0,0,1,4,1,0,0,0,0,0,33.33,33.33,33.33,0.0,0.75,0.25,0.25,1.0,0.473,1.0
431,SHANE CARLE,L,1,2,1,0,0,0,0,0,0,1,1,0,0,0,0,0.0,0.0,0.0,0.0,0.0,0.0,0.5,0.0,0.317,0.5
432,SHANE CARLE,R,1,3,2,1,0,0,0,1,4,0,1,0,0,0,0,100.0,0.0,0.0,0.0,1.5,0.5,0.667,2.0,0.7759999999999999,1.6666666666666667
433,SHANE GREENE,L,1,1,1,0,0,0,0,0,0,1,0,0,0,0,0,0.0,0.0,0.0,0.0,0.0,0.0,0.0,0.0,0.012,0.0
434,SHANE GREENE,R,1,2,2,0,0,0,0,0,0,0,0,0,0,0,0,0.0,50.0,0.0,50.0,0.0,0.0,0.0,0.0,0.013999999999999999,0.0
435,SHAWN KELLEY,L,1,1,1,0,0,0,0,0,0,0,0,0,0,0,0,100.0,0.0,0.0,0.0,0.0,0.0,0.0,0.0,0.023,0.0
436,SHAWN KELLEY,R,2,4,4,0,0,0,0,0,0,2,0,0,0,0,0,50.0,50.0,0.0,0.0,0.0,0.0,0.0,0.0,0.022000000000000002,0.0
437,SPENCER TURNBULL,L,1,11,9,3,2,0,0,1,6,3,1,1,0,0,0,0.0,33.33,66.67,0.0,0.33299999999999996,0.33299999999999996,0.455,0.667,0.366,0.6363636363636364
438,SPENCER TURNBULL,R,1,10,9,1,0,1,0,0,2,2,1,0,0,0,0,28.57,28.57,14.29,28.57,0.111,0.111,0.2,0.222,0.161,0.3
439,STEPHEN STRASBURG,L,1,15,12,3,2,0,1,0,5,4,2,0,0,1,0,33.33,44.44,22.22,0.0,0.16699999999999998,0.25,0.35700000000000004,0.41700000000000004,0.27399999999999997,0.4666666666666667
440,STEPHEN STRASBURG,R,1,12,12,4,2,2,0,0,6,4,0,0,0,0,0,0.0,62.5,37.5,0.0,0.16699999999999998,0.33299999999999996,0.33299999999999996,0.5,0.28300000000000003,0.5
441,STEVE CISHEK,R,1,2,2,1,1,0,0,0,1,1,0,0,0,0,0,0.0,100.0,0.0,0.0,0.0,0.5,0.5,0.5,0.325,0.5
442,TAYLOR ROGERS,L,2,3,3,1,1,0,0,0,1,1,0,0,0,0,0,50.0,0.0,50.0,0.0,0.0,0.33299999999999996,0.33299999999999996,0.33299999999999996,0.251,0.3333333333333333
443,TAYLOR ROGERS,R,2,5,5,0,0,0,0,0,0,2,0,0,0,0,0,66.67,33.33,0.0,0.0,0.0,0.0,0.0,0.0,0.017,0.0
444,TAYLOR WILLIAMS,L,1,1,1,0,0,0,0,0,0,1,0,0,0,0,0,0.0,0.0,0.0,0.0,0.0,0.0,0.0,0.0,-0.013000000000000001,0.0
445,TAYLOR WILLIAMS,R,1,4,4,2,1,0,0,1,5,0,0,0,0,0,0,25.0,50.0,25.0,0.0,0.75,0.5,0.5,1.25,0.654,1.25
446,TAYRON GUERRERO,L,2,3,3,0,0,0,0,0,0,2,0,0,0,0,0,100.0,0.0,0.0,0.0,0.0,0.0,0.0,0.0,-0.051,0.0
447,TAYRON GUERRERO,R,2,4,4,2,2,0,0,0,2,1,0,0,0,0,0,33.33,33.33,33.33,0.0,0.0,0.5,0.5,0.5,0.444,0.5
448,TIM HILL,L,1,1,1,0,0,0,0,0,0,0,0,0,0,0,0,0.0,0.0,0.0,100.0,0.0,0.0,0.0,0.0,0.006,0.0
449,TIM MAYZA,L,1,1,1,0,0,0,0,0,0,0,0,0,0,0,0,0.0,100.0,0.0,0.0,0.0,0.0,0.0,0.0,0.069,0.0
450,TIM MAYZA,R,1,2,1,0,0,0,0,0,0,1,1,0,0,0,0,0.0,0.0,0.0,0.0,0.0,0.0,0.5,0.0,0.314,0.5
451,TONY SIPP,L,1,3,3,0,0,0,0,0,0,1,0,0,0,0,0,0.0,100.0,0.0,0.0,0.0,0.0,0.0,0.0,0.026000000000000002,0.0
452,TONY SIPP,R,1,1,0,0,0,0,0,0,0,0,1,0,0,0,0,0.0,0.0,0.0,0.0,0.0,0.0,1.0,0.0,0.544,1.0
453,TONY WATSON,L,1,1,1,1,1,0,0,0,1,0,0,0,0,0,0,0.0,100.0,0.0,0.0,0.0,1.0,1.0,1.0,0.708,1.0
454,TONY WATSON,R,1,4,4,1,1,0,0,0,1,0,0,0,0,0,0,0.0,75.0,0.0,25.0,0.0,0.25,0.25,0.25,0.191,0.25
455,TRAVIS BERGEN,L,1,1,1,1,0,1,0,0,2,0,0,0,0,0,0,0.0,0.0,100.0,0.0,1.0,1.0,1.0,2.0,0.966,2.0
456,TRAVIS BERGEN,R,1,1,1,0,0,0,0,0,0,0,0,0,0,0,0,0.0,100.0,0.0,0.0,0.0,0.0,0.0,0.0,0.003,0.0
457,TREVOR BAUER,L,1,11,10,1,0,0,1,0,3,4,1,0,0,0,0,50.0,16.67,0.0,33.33,0.2,0.1,0.182,0.3,0.17,0.3636363636363637
458,TREVOR BAUER,R,1,12,11,0,0,0,0,0,0,5,0,1,0,0,1,33.33,50.0,16.67,0.0,0.0,0.0,0.083,0.0,0.026000000000000002,0.0
459,TREVOR CAHILL,L,1,6,6,3,2,0,1,0,5,0,0,0,0,0,0,66.67,0.0,33.33,0.0,0.33299999999999996,0.5,0.5,0.833,0.478,0.8333333333333334
460,TREVOR CAHILL,R,1,19,17,3,0,1,0,2,10,3,1,0,1,0,0,33.33,26.67,26.67,13.33,0.41200000000000003,0.17600000000000002,0.21100000000000002,0.588,0.295,0.5789473684210527
461,TREVOR GOTT,L,1,2,1,0,0,0,0,0,0,0,1,0,0,0,0,100.0,0.0,0.0,0.0,0.0,0.0,0.5,0.0,0.282,0.5
462,TREVOR GOTT,R,1,7,5,3,2,1,0,0,4,2,1,0,1,0,0,50.0,25.0,25.0,0.0,0.2,0.6,0.5710000000000001,0.8,0.49700000000000005,0.7142857142857143
463,TREVOR MAY,L,1,1,1,0,0,0,0,0,0,0,0,0,0,0,0,100.0,0.0,0.0,0.0,0.0,0.0,0.0,0.0,0.01,0.0
464,TREVOR MAY,R,1,1,1,1,1,0,0,0,1,0,0,0,0,0,0,0.0,100.0,0.0,0.0,0.0,1.0,1.0,1.0,0.615,1.0
465,TREVOR RICHARDS,L,1,13,12,3,2,1,0,0,4,1,1,0,0,0,0,27.27,45.45,27.27,0.0,0.083,0.25,0.308,0.33299999999999996,0.249,0.38461538461538464
466,TREVOR RICHARDS,R,1,11,10,1,1,0,0,0,1,3,1,0,0,0,0,28.57,42.86,28.57,0.0,0.0,0.1,0.182,0.1,0.11699999999999999,0.18181818181818185
467,TREVOR ROSENTHAL,L,1,1,1,1,1,0,0,0,1,0,0,0,0,0,0,0.0,0.0,100.0,0.0,0.0,1.0,1.0,1.0,0.7240000000000001,1.0
468,TREVOR ROSENTHAL,R,1,3,2,2,2,0,0,0,2,0,1,0,0,0,0,0.0,50.0,50.0,0.0,0.0,1.0,1.0,1.0,0.624,1.0
469,TREY WINGENTER,L,2,4,4,0,0,0,0,0,0,1,0,0,0,0,0,66.67,0.0,33.33,0.0,0.0,0.0,0.0,0.0,0.013000000000000001,0.0
470,TREY WINGENTER,R,2,2,2,2,1,1,0,0,3,0,0,0,0,0,0,0.0,50.0,50.0,0.0,0.5,1.0,1.0,1.5,0.8140000000000001,1.5
471,TY BUTTREY,L,1,1,1,0,0,0,0,0,0,1,0,0,0,0,0,0.0,0.0,0.0,0.0,0.0,0.0,0.0,0.0,-0.011000000000000001,0.0
472,TY BUTTREY,R,1,3,3,2,2,0,0,0,2,0,0,0,0,0,1,0.0,100.0,0.0,0.0,0.0,0.667,0.667,0.667,0.364,0.6666666666666666
473,TYLER ANDERSON,L,1,4,3,1,1,0,0,0,1,0,0,0,1,0,0,50.0,25.0,25.0,0.0,0.0,0.33299999999999996,0.25,0.33299999999999996,0.324,0.25
474,TYLER ANDERSON,R,1,20,20,8,4,4,0,0,12,3,0,0,0,0,0,11.76,47.06,41.18,0.0,0.2,0.4,0.4,0.6,0.391,0.6
475,TYLER GLASNOW,L,1,6,6,2,2,0,0,0,2,0,0,0,0,0,0,16.67,66.67,16.67,0.0,0.0,0.33299999999999996,0.33299999999999996,0.33299999999999996,0.24100000000000002,0.3333333333333333
476,TYLER GLASNOW,R,1,14,13,4,3,0,0,1,7,4,1,0,0,0,1,0.0,77.78,11.11,11.11,0.231,0.308,0.35700000000000004,0.5379999999999999,0.289,0.5714285714285714
477,TYLER KINLEY,L,2,3,3,1,1,0,0,0,1,1,0,0,0,0,0,50.0,50.0,0.0,0.0,0.0,0.33299999999999996,0.33299999999999996,0.33299999999999996,0.28300000000000003,0.3333333333333333
478,TYLER KINLEY,R,2,4,4,1,1,0,0,0,1,2,0,0,0,0,0,0.0,50.0,50.0,0.0,0.0,0.25,0.25,0.25,0.22399999999999998,0.25
479,TYLER OLSON,R,1,1,1,0,0,0,0,0,0,0,0,0,0,0,0,100.0,0.0,0.0,0.0,0.0,0.0,0.0,0.0,0.01,0.0
480,TYLER THORNBURG,L,1,1,1,0,0,0,0,0,0,1,0,0,0,0,0,0.0,0.0,0.0,0.0,0.0,0.0,0.0,0.0,-0.013999999999999999,0.0
481,TYLER THORNBURG,R,2,8,7,2,0,1,0,1,6,2,1,0,0,0,0,60.0,0.0,20.0,20.0,0.5710000000000001,0.28600000000000003,0.375,0.857,0.426,0.875
482,VICTOR ALCANTARA,L,2,2,2,0,0,0,0,0,0,0,0,0,0,0,0,0.0,50.0,50.0,0.0,0.0,0.0,0.0,0.0,0.013999999999999999,0.0
483,VICTOR ALCANTARA,R,2,5,4,1,1,0,0,0,1,2,0,1,0,0,0,0.0,0.0,50.0,50.0,0.0,0.25,0.4,0.25,0.276,0.2
484,WANDER SUERO,L,1,3,3,2,1,1,0,0,3,1,0,0,0,0,0,0.0,0.0,100.0,0.0,0.33299999999999996,0.667,0.667,1.0,0.556,1.0
485,WANDER SUERO,R,1,3,2,0,0,0,0,0,0,0,1,0,0,0,0,0.0,100.0,0.0,0.0,0.0,0.0,0.33299999999999996,0.0,0.17300000000000001,0.3333333333333333
486,WES PARSONS,L,2,2,2,0,0,0,0,0,0,1,0,0,0,0,0,100.0,0.0,0.0,0.0,0.0,0.0,0.0,0.0,-0.006,0.0
487,WES PARSONS,R,1,5,4,1,0,0,0,1,4,2,1,0,0,0,0,0.0,50.0,50.0,0.0,0.75,0.25,0.4,1.0,0.455,1.0
488,WILL HARRIS,L,1,2,2,1,1,0,0,0,1,0,0,0,0,0,0,0.0,100.0,0.0,0.0,0.0,0.5,0.5,0.5,0.39,0.5
489,WILL HARRIS,R,1,2,2,0,0,0,0,0,0,1,0,0,0,0,0,0.0,0.0,100.0,0.0,0.0,0.0,0.0,0.0,-0.002,0.0
490,WILL SMITH,R,1,3,3,0,0,0,0,0,0,2,0,0,0,0,0,0.0,100.0,0.0,0.0,0.0,0.0,0.0,0.0,0.002,0.0
491,WILY PERALTA,L,1,2,1,1,1,0,0,0,1,0,1,0,0,0,0,0.0,100.0,0.0,0.0,0.0,1.0,1.0,1.0,0.645,1.0
492,WILY PERALTA,R,1,1,1,0,0,0,0,0,0,0,0,0,0,0,0,0.0,0.0,0.0,100.0,0.0,0.0,0.0,0.0,0.025,0.0
493,YIMI GARCIA,L,2,6,4,0,0,0,0,0,0,2,2,0,0,0,0,50.0,50.0,0.0,0.0,0.0,0.0,0.33299999999999996,0.0,0.168,0.3333333333333333
494,YIMI GARCIA,R,2,5,4,2,0,1,0,1,6,1,1,0,0,0,0,66.67,0.0,33.33,0.0,1.0,0.5,0.6,1.5,0.662,1.4
495,YOAN LOPEZ,L,1,3,2,1,1,0,0,0,1,0,1,0,0,0,0,0.0,0.0,100.0,0.0,0.0,0.5,0.667,0.5,0.45299999999999996,0.6666666666666666
496,YOAN LOPEZ,R,1,2,2,0,0,0,0,0,0,0,0,0,0,0,0,50.0,50.0,0.0,0.0,0.0,0.0,0.0,0.0,0.024,0.0
497,YOSHIHISA HIRANO,L,1,3,3,2,2,0,0,0,2,0,0,0,0,0,0,0.0,66.67,33.33,0.0,0.0,0.667,0.667,0.667,0.466,0.6666666666666666
498,YOSHIHISA HIRANO,R,1,3,2,1,0,1,0,0,2,1,1,0,0,0,0,0.0,0.0,100.0,0.0,0.5,0.5,0.667,1.0,0.551,1.0
499,YU DARVISH,L,1,12,8,2,1,0,0,1,5,4,4,0,0,0,0,25.0,50.0,25.0,0.0,0.375,0.25,0.5,0.625,0.36,0.75
500,YU DARVISH,R,1,4,1,0,0,0,0,0,0,0,3,0,0,0,0,100.0,0.0,0.0,0.0,0.0,0.0,0.75,0.0,0.392,0.75
501,YUSEI KIKUCHI,L,2,9,9,1,1,0,0,0,1,3,0,0,0,0,1,16.67,66.67,16.67,0.0,0.0,0.111,0.111,0.111,0.13,0.1111111111111111
502,YUSEI KIKUCHI,R,2,32,31,7,5,0,0,2,13,5,1,0,0,0,0,26.92,34.62,19.23,19.23,0.19399999999999998,0.226,0.25,0.419,0.247,0.4375
503,YUSMEIRO PETIT,L,1,1,1,0,0,0,0,0,0,0,0,0,0,0,0,100.0,0.0,0.0,0.0,0.0,0.0,0.0,0.0,0.05,0.0
504,YUSMEIRO PETIT,R,1,3,2,0,0,0,0,0,0,0,1,0,0,0,0,0.0,50.0,50.0,0.0,0.0,0.0,0.33299999999999996,0.0,0.193,0.3333333333333333
505,ZAC ROSSCUP,L,3,6,3,0,0,0,0,0,0,2,3,0,0,0,0,0.0,100.0,0.0,0.0,0.0,0.0,0.5,0.0,0.42,0.5
506,ZAC ROSSCUP,R,4,12,10,3,2,0,0,1,6,3,2,0,0,0,0,14.29,57.14,28.57,0.0,0.3,0.3,0.41700000000000004,0.6,0.452,0.6666666666666666
507,ZACH DUKE,L,1,1,1,0,0,0,0,0,0,0,0,0,0,0,0,100.0,0.0,0.0,0.0,0.0,0.0,0.0,0.0,0.006999999999999999,0.0
508,ZACH DUKE,R,1,1,1,0,0,0,0,0,0,0,0,0,0,0,0,0.0,100.0,0.0,0.0,0.0,0.0,0.0,0.0,0.006999999999999999,0.0
509,ZACK BRITTON,R,1,5,4,1,1,0,0,0,1,0,1,0,0,0,0,25.0,75.0,0.0,0.0,0.0,0.25,0.4,0.25,0.25,0.4
510,ZACK GODLEY,L,1,12,10,4,2,0,0,2,10,2,2,0,0,0,0,50.0,25.0,25.0,0.0,0.6,0.4,0.5,1.0,0.491,1.0
511,ZACK GODLEY,R,1,15,13,4,3,1,0,0,5,1,0,1,0,1,1,23.08,38.46,38.46,0.0,0.077,0.308,0.35700000000000004,0.385,0.255,0.3333333333333333
512,ZACK GREINKE,L,1,10,9,4,1,1,0,2,11,3,1,0,0,0,0,33.33,33.33,33.33,0.0,0.778,0.444,0.5,1.222,0.5670000000000001,1.2
513,ZACK GREINKE,R,1,10,8,3,1,0,0,2,9,0,1,0,0,1,0,33.33,55.56,11.11,0.0,0.75,0.375,0.444,1.125,0.507,1.0
